ticker,quandl_code
AAPL,WIKI/AAPL
AA,WIKI/AA
ABBV,WIKI/ABBV
ABC,WIKI/ABC
ABT,WIKI/ABT
ACE,WIKI/ACE
ACN,WIKI/ACN
AGN,WIKI/AGN
ADBE,WIKI/ADBE
ADI,WIKI/ADI
ADM,WIKI/ADM
ADP,WIKI/ADP
ADS,WIKI/ADS
ADSK,WIKI/ADSK
ADT,WIKI/ADT
AEE,WIKI/AEE
AEP,WIKI/AEP
AES,WIKI/AES
AET,WIKI/AET
AFL,WIKI/AFL
AIG,WIKI/AIG
AIV,WIKI/AIV
AIZ,WIKI/AIZ
AKAM,WIKI/AKAM
ALL,WIKI/ALL
ALLE,WIKI/ALLE
ALTR,WIKI/ALTR
ALXN,WIKI/ALXN
AMAT,WIKI/AMAT
AME,WIKI/AME
AMGN,WIKI/AMGN
AMP,WIKI/AMP
AMT,WIKI/AMT
AMZN,WIKI/AMZN
A,WIKI/A
AN,WIKI/AN
AON,WIKI/AON
APA,WIKI/APA
APC,WIKI/APC
APD,WIKI/APD
APH,WIKI/APH
ARG,WIKI/ARG
ATI,WIKI/ATI
AVB,WIKI/AVB
AVP,WIKI/AVP
AVY,WIKI/AVY
AXP,WIKI/AXP
AZO,WIKI/AZO
BA,WIKI/BA
BAC,WIKI/BAC
BAX,WIKI/BAX
BBBY,WIKI/BBBY
BBT,WIKI/BBT
BBY,WIKI/BBY
BCR,WIKI/BCR
BDX,WIKI/BDX
BEAM,WIKI/BEAM
BEN,WIKI/BEN
BF_B,WIKI/BF_B
BHI,WIKI/BHI
BIIB,WIKI/BIIB
BK,WIKI/BK
BLK,WIKI/BLK
BLL,WIKI/BLL
BMS,WIKI/BMS
BMY,WIKI/BMY
BRCM,WIKI/BRCM
BRK_B,WIKI/BRK_B
BSX,WIKI/BSX
BTU,WIKI/BTU
BWA,WIKI/BWA
BXP,WIKI/BXP
C,WIKI/C
CA,WIKI/CA
CAG,WIKI/CAG
CAH,WIKI/CAH
CAM,WIKI/CAM
CAT,WIKI/CAT
CB,WIKI/CB
CBG,WIKI/CBG
CBS,WIKI/CBS
CCE,WIKI/CCE
CCI,WIKI/CCI
CCL,WIKI/CCL
CELG,WIKI/CELG
CERN,WIKI/CERN
CF,WIKI/CF
CFN,WIKI/CFN
CHK,WIKI/CHK
CHRW,WIKI/CHRW
CI,WIKI/CI
CINF,WIKI/CINF
CL,WIKI/CL
CLF,WIKI/CLF
CLX,WIKI/CLX
CMA,WIKI/CMA
CMCSA,WIKI/CMCSA
CME,WIKI/CME
CMG,WIKI/CMG
CMI,WIKI/CMI
CMS,WIKI/CMS
CNP,WIKI/CNP
CNX,WIKI/CNX
COF,WIKI/COF
COG,WIKI/COG
COH,WIKI/COH
COL,WIKI/COL
COP,WIKI/COP
COST,WIKI/COST
COV,WIKI/COV
CPB,WIKI/CPB
CRM,WIKI/CRM
CSC,WIKI/CSC
CSCO,WIKI/CSCO
CSX,WIKI/CSX
CTAS,WIKI/CTAS
CTL,WIKI/CTL
CTSH,WIKI/CTSH
CTXS,WIKI/CTXS
CVC,WIKI/CVC
CVS,WIKI/CVS
CVX,WIKI/CVX
D,WIKI/D
DAL,WIKI/DAL
DD,WIKI/DD
DE,WIKI/DE
DFS,WIKI/DFS
DG,WIKI/DG
DGX,WIKI/DGX
DHI,WIKI/DHI
DHR,WIKI/DHR
DIS,WIKI/DIS
DISCA,WIKI/DISCA
DLPH,WIKI/DLPH
DLTR,WIKI/DLTR
DNB,WIKI/DNB
DNR,WIKI/DNR
DO,WIKI/DO
DOV,WIKI/DOV
DOW,WIKI/DOW
DPS,WIKI/DPS
DRI,WIKI/DRI
DTE,WIKI/DTE
DTV,WIKI/DTV
DUK,WIKI/DUK
DVA,WIKI/DVA
DVN,WIKI/DVN
EA,WIKI/EA
EBAY,WIKI/EBAY
ECL,WIKI/ECL
ED,WIKI/ED
EFX,WIKI/EFX
EIX,WIKI/EIX
EL,WIKI/EL
EMC,WIKI/EMC
EMN,WIKI/EMN
EMR,WIKI/EMR
EOG,WIKI/EOG
EQR,WIKI/EQR
EQT,WIKI/EQT
ESRX,WIKI/ESRX
ESV,WIKI/ESV
ETFC,WIKI/ETFC
ETN,WIKI/ETN
ETR,WIKI/ETR
EW,WIKI/EW
EXC,WIKI/EXC
EXPD,WIKI/EXPD
EXPE,WIKI/EXPE
F,WIKI/F
FAST,WIKI/FAST
FB,WIKI/FB
FCX,WIKI/FCX
FDO,WIKI/FDO
FDX,WIKI/FDX
FE,WIKI/FE
FFIV,WIKI/FFIV
FIS,WIKI/FIS
FISV,WIKI/FISV
FITB,WIKI/FITB
FLIR,WIKI/FLIR
FLR,WIKI/FLR
FLS,WIKI/FLS
FMC,WIKI/FMC
FOSL,WIKI/FOSL
FOXA,WIKI/FOXA
FRX,WIKI/FRX
FSLR,WIKI/FSLR
FTI,WIKI/FTI
FTR,WIKI/FTR
GAS,WIKI/GAS
GCI,WIKI/GCI
GD,WIKI/GD
GE,WIKI/GE
GGP,WIKI/GGP
GHC,WIKI/GHC
GILD,WIKI/GILD
GIS,WIKI/GIS
GLW,WIKI/GLW
GM,WIKI/GM
GME,WIKI/GME
GNW,WIKI/GNW
GOOG,WIKI/GOOG
GPC,WIKI/GPC
GPS,WIKI/GPS
GRMN,WIKI/GRMN
GS,WIKI/GS
GT,WIKI/GT
GWW,WIKI/GWW
HAL,WIKI/HAL
HAR,WIKI/HAR
HAS,WIKI/HAS
HBAN,WIKI/HBAN
HCBK,WIKI/HCBK
HCN,WIKI/HCN
HCP,WIKI/HCP
HD,WIKI/HD
HES,WIKI/HES
HIG,WIKI/HIG
HOG,WIKI/HOG
HON,WIKI/HON
HOT,WIKI/HOT
HP,WIKI/HP
HPQ,WIKI/HPQ
HRB,WIKI/HRB
HRL,WIKI/HRL
HRS,WIKI/HRS
HSP,WIKI/HSP
HST,WIKI/HST
HSY,WIKI/HSY
HUM,WIKI/HUM
IBM,WIKI/IBM
ICE,WIKI/ICE
IFF,WIKI/IFF
IGT,WIKI/IGT
INTC,WIKI/INTC
INTU,WIKI/INTU
IP,WIKI/IP
IPG,WIKI/IPG
IR,WIKI/IR
IRM,WIKI/IRM
ISRG,WIKI/ISRG
ITW,WIKI/ITW
IVZ,WIKI/IVZ
JBL,WIKI/JBL
JCI,WIKI/JCI
JEC,WIKI/JEC
JNJ,WIKI/JNJ
JNPR,WIKI/JNPR
JOY,WIKI/JOY
JWN,WIKI/JWN
K,WIKI/K
KEY,WIKI/KEY
KIM,WIKI/KIM
KLAC,WIKI/KLAC
KMB,WIKI/KMB
KMI,WIKI/KMI
KMX,WIKI/KMX
KO,WIKI/KO
KORS,WIKI/KORS
KR,WIKI/KR
KRFT,WIKI/KRFT
KSS,WIKI/KSS
KSU,WIKI/KSU
L,WIKI/L
LB,WIKI/LB
LEG,WIKI/LEG
LEN,WIKI/LEN
LH,WIKI/LH
LIFE,WIKI/LIFE
LLL,WIKI/LLL
LLTC,WIKI/LLTC
LLY,WIKI/LLY
LM,WIKI/LM
LMT,WIKI/LMT
LNC,WIKI/LNC
LO,WIKI/LO
LOW,WIKI/LOW
LRCX,WIKI/LRCX
LSI,WIKI/LSI
LUK,WIKI/LUK
LUV,WIKI/LUV
LYB,WIKI/LYB
M,WIKI/M
MA,WIKI/MA
MAC,WIKI/MAC
MAR,WIKI/MAR
MAS,WIKI/MAS
MAT,WIKI/MAT
MCD,WIKI/MCD
MCHP,WIKI/MCHP
MCK,WIKI/MCK
MCO,WIKI/MCO
MDLZ,WIKI/MDLZ
MDT,WIKI/MDT
MET,WIKI/MET
MHFI,WIKI/MHFI
MHK,WIKI/MHK
MJN,WIKI/MJN
MKC,WIKI/MKC
MMC,WIKI/MMC
MMM,WIKI/MMM
MNST,WIKI/MNST
MO,WIKI/MO
MON,WIKI/MON
MOS,WIKI/MOS
MPC,WIKI/MPC
MRK,WIKI/MRK
MRO,WIKI/MRO
MS,WIKI/MS
MSFT,WIKI/MSFT
MSI,WIKI/MSI
MTB,WIKI/MTB
MU,WIKI/MU
MUR,WIKI/MUR
MWV,WIKI/MWV
MYL,WIKI/MYL
NBL,WIKI/NBL
NBR,WIKI/NBR
NDAQ,WIKI/NDAQ
NE,WIKI/NE
NEE,WIKI/NEE
NEM,WIKI/NEM
NFLX,WIKI/NFLX
NFX,WIKI/NFX
NI,WIKI/NI
NKE,WIKI/NKE
NLSN,WIKI/NLSN
NOC,WIKI/NOC
NOV,WIKI/NOV
NRG,WIKI/NRG
NSC,WIKI/NSC
NTAP,WIKI/NTAP
NTRS,WIKI/NTRS
NU,WIKI/NU
NUE,WIKI/NUE
NVDA,WIKI/NVDA
NWL,WIKI/NWL
NWSA,WIKI/NWSA
OI,WIKI/OI
OKE,WIKI/OKE
OMC,WIKI/OMC
ORCL,WIKI/ORCL
ORLY,WIKI/ORLY
OXY,WIKI/OXY
PAYX,WIKI/PAYX
PBCT,WIKI/PBCT
PBI,WIKI/PBI
PCAR,WIKI/PCAR
PCG,WIKI/PCG
PCL,WIKI/PCL
PCLN,WIKI/PCLN
PCP,WIKI/PCP
PDCO,WIKI/PDCO
PEG,WIKI/PEG
PEP,WIKI/PEP
PETM,WIKI/PETM
PFE,WIKI/PFE
PFG,WIKI/PFG
PG,WIKI/PG
PH,WIKI/PH
PHM,WIKI/PHM
PKI,WIKI/PKI
PLD,WIKI/PLD
PLL,WIKI/PLL
PM,WIKI/PM
PNC,WIKI/PNC
PNR,WIKI/PNR
PNW,WIKI/PNW
POM,WIKI/POM
PPG,WIKI/PPG
PPL,WIKI/PPL
PRGO,WIKI/PRGO
PRU,WIKI/PRU
PSA,WIKI/PSA
PSX,WIKI/PSX
PVH,WIKI/PVH
PWR,WIKI/PWR
PX,WIKI/PX
PXD,WIKI/PXD
QCOM,WIKI/QCOM
QEP,WIKI/QEP
R,WIKI/R
RAI,WIKI/RAI
RDC,WIKI/RDC
REGN,WIKI/REGN
RF,WIKI/RF
RHI,WIKI/RHI
RHT,WIKI/RHT
RIG,WIKI/RIG
RL,WIKI/RL
ROK,WIKI/ROK
ROP,WIKI/ROP
ROST,WIKI/ROST
RRC,WIKI/RRC
RSG,WIKI/RSG
RTN,WIKI/RTN
SBUX,WIKI/SBUX
SCG,WIKI/SCG
SCHW,WIKI/SCHW
SE,WIKI/SE
SEE,WIKI/SEE
SHW,WIKI/SHW
SIAL,WIKI/SIAL
SJM,WIKI/SJM
SLB,WIKI/SLB
SLM,WIKI/SLM
SNA,WIKI/SNA
SNDK,WIKI/SNDK
SNI,WIKI/SNI
SO,WIKI/SO
SPG,WIKI/SPG
SPLS,WIKI/SPLS
SRCL,WIKI/SRCL
SRE,WIKI/SRE
STI,WIKI/STI
STJ,WIKI/STJ
STT,WIKI/STT
STX,WIKI/STX
STZ,WIKI/STZ
SWK,WIKI/SWK
SWN,WIKI/SWN
SWY,WIKI/SWY
SYK,WIKI/SYK
SYMC,WIKI/SYMC
SYY,WIKI/SYY
T,WIKI/T
TAP,WIKI/TAP
TDC,WIKI/TDC
TE,WIKI/TE
TEG,WIKI/TEG
TEL,WIKI/TEL
TGT,WIKI/TGT
THC,WIKI/THC
TIF,WIKI/TIF
TJX,WIKI/TJX
TMK,WIKI/TMK
TMO,WIKI/TMO
TRIP,WIKI/TRIP
TROW,WIKI/TROW
TRV,WIKI/TRV
TSN,WIKI/TSN
TSO,WIKI/TSO
TSS,WIKI/TSS
TWC,WIKI/TWC
TWX,WIKI/TWX
TXN,WIKI/TXN
TXT,WIKI/TXT
TYC,WIKI/TYC
UNH,WIKI/UNH
UNP,WIKI/UNP
UPS,WIKI/UPS
URBN,WIKI/URBN
USB,WIKI/USB
UTX,WIKI/UTX
V,WIKI/V
VAR,WIKI/VAR
VFC,WIKI/VFC
VIAB,WIKI/VIAB
VLO,WIKI/VLO
VMC,WIKI/VMC
VNO,WIKI/VNO
VRSN,WIKI/VRSN
VRTX,WIKI/VRTX
VTR,WIKI/VTR
VZ,WIKI/VZ
WAG,WIKI/WAG
WAT,WIKI/WAT
WDC,WIKI/WDC
WEC,WIKI/WEC
WFC,WIKI/WFC
WFM,WIKI/WFM
WHR,WIKI/WHR
WIN,WIKI/WIN
WLP,WIKI/WLP
WM,WIKI/WM
WMB,WIKI/WMB
WMT,WIKI/WMT
WPX,WIKI/WPX
WU,WIKI/WU
WY,WIKI/WY
WYN,WIKI/WYN
WYNN,WIKI/WYNN
X,WIKI/X
XEL,WIKI/XEL
XL,WIKI/XL
XLNX,WIKI/XLNX
XOM,WIKI/XOM
XRAY,WIKI/XRAY
XRX,WIKI/XRX
XYL,WIKI/XYL
YHOO,WIKI/YHOO
YUM,WIKI/YUM
ZION,WIKI/ZION
ZMH,WIKI/ZMH
ZTS,WIKI/ZTS
TSCO,WIKI/TSCO
FLWS,WIKI/FLWS
SRCE,WIKI/SRCE
FUBC,WIKI/FUBC
XXII,WIKI/XXII
DDD,WIKI/DDD
EGHT,WIKI/EGHT
AAON,WIKI/AAON
AIR,WIKI/AIR
AAN,WIKI/AAN
ABAX,WIKI/ABAX
ANF,WIKI/ANF
ABMD,WIKI/ABMD
ABM,WIKI/ABM
AXAS,WIKI/AXAS
ACTG,WIKI/ACTG
ACHC,WIKI/ACHC
ACAD,WIKI/ACAD
AXDX,WIKI/AXDX
XLRN,WIKI/XLRN
ACCL,WIKI/ACCL
ANCX,WIKI/ANCX
ACCO,WIKI/ACCO
ARAY,WIKI/ARAY
ACW,WIKI/ACW
ACRX,WIKI/ACRX
ACET,WIKI/ACET
ACHN,WIKI/ACHN
ACIW,WIKI/ACIW
ACOR,WIKI/ACOR
ACFN,WIKI/ACFN
ATNM,WIKI/ATNM
ATVI,WIKI/ATVI
ATU,WIKI/ATU
BIRT,WIKI/BIRT
AYI,WIKI/AYI
ACXM,WIKI/ACXM
AE,WIKI/AE
ADUS,WIKI/ADUS
ADTN,WIKI/ADTN
AAP,WIKI/AAP
ADES,WIKI/ADES
AEIS,WIKI/AEIS
AMD,WIKI/AMD
ADVS,WIKI/ADVS
ABCO,WIKI/ABCO
ACM,WIKI/ACM
AEGR,WIKI/AEGR
AEGN,WIKI/AEGN
AEPI,WIKI/AEPI
AERI,WIKI/AERI
ARX,WIKI/ARX
ARO,WIKI/ARO
AVAV,WIKI/AVAV
AMG,WIKI/AMG
AFFX,WIKI/AFFX
AGCO,WIKI/AGCO
AGEN,WIKI/AGEN
AGYS,WIKI/AGYS
AGIO,WIKI/AGIO
AHC,WIKI/AHC
AL,WIKI/AL
AIRM,WIKI/AIRM
ATSG,WIKI/ATSG
AYR,WIKI/AYR
AKS,WIKI/AKS
AKRX,WIKI/AKRX
ALG,WIKI/ALG
ALK,WIKI/ALK
AIN,WIKI/AIN
AMRI,WIKI/AMRI
ALB,WIKI/ALB
ALR,WIKI/ALR
ALEX,WIKI/ALEX
ALCO,WIKI/ALCO
ALGN,WIKI/ALGN
ALIM,WIKI/ALIM
ALKS,WIKI/ALKS
Y,WIKI/Y
ALGT,WIKI/ALGT
ALE,WIKI/ALE
AFOP,WIKI/AFOP
AIQ,WIKI/AIQ
AOI,WIKI/AOI
LNT,WIKI/LNT
ATK,WIKI/ATK
ANV,WIKI/ANV
AWH,WIKI/AWH
ALSN,WIKI/ALSN
MDRX,WIKI/MDRX
AFAM,WIKI/AFAM
ALNY,WIKI/ALNY
ALJ,WIKI/ALJ
AOSL,WIKI/AOSL
ANR,WIKI/ANR
ATEC,WIKI/ATEC
AAMC,WIKI/AAMC
ASPS,WIKI/ASPS
RESI,WIKI/RESI
AIMC,WIKI/AIMC
AMAG,WIKI/AMAG
AMBC,WIKI/AMBC
AMBA,WIKI/AMBA
AMC,WIKI/AMC
AMCX,WIKI/AMCX
ACO,WIKI/ACO
DOX,WIKI/DOX
AMED,WIKI/AMED
AMNB,WIKI/AMNB
UHAL,WIKI/UHAL
AMRC,WIKI/AMRC
CRMT,WIKI/CRMT
AAL,WIKI/AAL
APP,WIKI/APP
AXL,WIKI/AXL
ACAS,WIKI/ACAS
AMZG,WIKI/AMZG
AEO,WIKI/AEO
AEL,WIKI/AEL
AFG,WIKI/AFG
ANAT,WIKI/ANAT
APEI,WIKI/APEI
ARII,WIKI/ARII
ASEI,WIKI/ASEI
AMSWA,WIKI/AMSWA
AWR,WIKI/AWR
AMSC,WIKI/AMSC
AVD,WIKI/AVD
AWK,WIKI/AWK
AMWD,WIKI/AMWD
ABCB,WIKI/ABCB
AMSF,WIKI/AMSF
ATLO,WIKI/ATLO
FOLD,WIKI/FOLD
AMKR,WIKI/AMKR
AHS,WIKI/AHS
AP,WIKI/AP
AMPE,WIKI/AMPE
AMSG,WIKI/AMSG
AFSI,WIKI/AFSI
AMRS,WIKI/AMRS
ANAC,WIKI/ANAC
ANAD,WIKI/ANAD
ALOG,WIKI/ALOG
ANDE,WIKI/ANDE
ANGI,WIKI/ANGI
ANGO,WIKI/ANGO
ANIP,WIKI/ANIP
ANIK,WIKI/ANIK
AXE,WIKI/AXE
ANN,WIKI/ANN
BNNY,WIKI/BNNY
ANSS,WIKI/ANSS
ATRS,WIKI/ATRS
AOL,WIKI/AOL
APAGF,WIKI/APAGF
ATNY,WIKI/ATNY
APOG,WIKI/APOG
APOL,WIKI/APOL
AINV,WIKI/AINV
AIT,WIKI/AIT
AMCC,WIKI/AMCC
AAOI,WIKI/AAOI
AREX,WIKI/AREX
ATR,WIKI/ATR
WTR,WIKI/WTR
ARSD,WIKI/ARSD
PETX,WIKI/PETX
ARC,WIKI/ARC
ARCW,WIKI/ARCW
ACGL,WIKI/ACGL
ACI,WIKI/ACI
ACAT,WIKI/ACAT
ASC,WIKI/ASC
ARNA,WIKI/ARNA
ARCC,WIKI/ARCC
AGX,WIKI/AGX
AGII,WIKI/AGII
ARIA,WIKI/ARIA
ABFS,WIKI/ABFS
AI,WIKI/AI
AWI,WIKI/AWI
ARQL,WIKI/ARQL
ARRY,WIKI/ARRY
ARRS,WIKI/ARRS
ARW,WIKI/ARW
AROW,WIKI/AROW
ARWR,WIKI/ARWR
ARTNA,WIKI/ARTNA
ARTC,WIKI/ARTC
AJG,WIKI/AJG
APAM,WIKI/APAM
ARUN,WIKI/ARUN
ABG,WIKI/ABG
ASNA,WIKI/ASNA
ASCMA,WIKI/ASCMA
ASH,WIKI/ASH
AHL,WIKI/AHL
AZPN,WIKI/AZPN
ASBC,WIKI/ASBC
AGO,WIKI/AGO
ASTE,WIKI/ASTE
AF,WIKI/AF
ATRO,WIKI/ATRO
ATHN,WIKI/ATHN
AT,WIKI/AT
ATNI,WIKI/ATNI
AAWW,WIKI/AAWW
AFH,WIKI/AFH
ATML,WIKI/ATML
ATMI,WIKI/ATMI
ATO,WIKI/ATO
ATRC,WIKI/ATRC
ATRI,WIKI/ATRI
ATW,WIKI/ATW
ADNC,WIKI/ADNC
ASPX,WIKI/ASPX
AUXL,WIKI/AUXL
AVHI,WIKI/AVHI
AVGO,WIKI/AVGO
AVNR,WIKI/AVNR
AVEO,WIKI/AVEO
AVG,WIKI/AVG
AVNW,WIKI/AVNW
AVID,WIKI/AVID
CAR,WIKI/CAR
AVA,WIKI/AVA
AVT,WIKI/AVT
AVX,WIKI/AVX
ACLS,WIKI/ACLS
AXLL,WIKI/AXLL
AXS,WIKI/AXS
AZZ,WIKI/AZZ
BGS,WIKI/BGS
BEAV,WIKI/BEAV
BWC,WIKI/BWC
BMI,WIKI/BMI
BCPC,WIKI/BCPC
BWINB,WIKI/BWINB
BYI,WIKI/BYI
BALT,WIKI/BALT
BANC,WIKI/BANC
BANF,WIKI/BANF
BLX,WIKI/BLX
TBBK,WIKI/TBBK
BXS,WIKI/BXS
BKMU,WIKI/BKMU
BOH,WIKI/BOH
BKYF,WIKI/BKYF
BMRC,WIKI/BMRC
OZRK,WIKI/OZRK
BFIN,WIKI/BFIN
RATE,WIKI/RATE
BKU,WIKI/BKU
BANR,WIKI/BANR
BHB,WIKI/BHB
BKS,WIKI/BKS
B,WIKI/B
CUDA,WIKI/CUDA
BBSI,WIKI/BBSI
DFZ,WIKI/DFZ
BAS,WIKI/BAS
BSET,WIKI/BSET
BV,WIKI/BV
BBCN,WIKI/BBCN
BBX,WIKI/BBX
BECN,WIKI/BECN
BBGI,WIKI/BBGI
BZH,WIKI/BZH
BEBE,WIKI/BEBE
BELFB,WIKI/BELFB
BDC,WIKI/BDC
BHE,WIKI/BHE
BNCL,WIKI/BNCL
BNFT,WIKI/BNFT
BERY,WIKI/BERY
BGCP,WIKI/BGCP
BHLB,WIKI/BHLB
BGFV,WIKI/BGFV
BIG,WIKI/BIG
BH,WIKI/BH
BBG,WIKI/BBG
BPTH,WIKI/BPTH
BIO,WIKI/BIO
BRLI,WIKI/BRLI
BCRX,WIKI/BCRX
BDSI,WIKI/BDSI
BIOL,WIKI/BIOL
BMRN,WIKI/BMRN
BIOS,WIKI/BIOS
BSTC,WIKI/BSTC
BEAT,WIKI/BEAT
BTX,WIKI/BTX
BJRI,WIKI/BJRI
BBOX,WIKI/BBOX
BDE,WIKI/BDE
BKH,WIKI/BKH
BLKB,WIKI/BLKB
HAWK,WIKI/HAWK
BKCC,WIKI/BKCC
BLMN,WIKI/BLMN
BLT,WIKI/BLT
BCOR,WIKI/BCOR
NILE,WIKI/NILE
BLUE,WIKI/BLUE
BXC,WIKI/BXC
BTH,WIKI/BTH
BNCN,WIKI/BNCN
BOBE,WIKI/BOBE
BODY,WIKI/BODY
BOFI,WIKI/BOFI
WIFI,WIKI/WIFI
BCC,WIKI/BCC
BOKF,WIKI/BOKF
BOLT,WIKI/BOLT
BONT,WIKI/BONT
BCEI,WIKI/BCEI
BAH,WIKI/BAH
SAM,WIKI/SAM
BPFH,WIKI/BPFH
EPAY,WIKI/EPAY
BDBD,WIKI/BDBD
BYD,WIKI/BYD
BPZ,WIKI/BPZ
BRC,WIKI/BRC
BBRG,WIKI/BBRG
BDGE,WIKI/BDGE
BBNK,WIKI/BBNK
BPI,WIKI/BPI
BGG,WIKI/BGG
BFAM,WIKI/BFAM
BCOV,WIKI/BCOV
BCO,WIKI/BCO
EAT,WIKI/EAT
BRS,WIKI/BRS
BR,WIKI/BR
BSFT,WIKI/BSFT
BRCD,WIKI/BRCD
BKD,WIKI/BKD
BRKL,WIKI/BRKL
BRKS,WIKI/BRKS
BRO,WIKI/BRO
BWS,WIKI/BWS
BRKR,WIKI/BRKR
BC,WIKI/BC
BMTC,WIKI/BMTC
BKE,WIKI/BKE
BWLD,WIKI/BWLD
BBW,WIKI/BBW
BLDR,WIKI/BLDR
BG,WIKI/BG
BKW,WIKI/BKW
BURL,WIKI/BURL
CFFI,WIKI/CFFI
CJES,WIKI/CJES
CAB,WIKI/CAB
CBT,WIKI/CBT
CCMP,WIKI/CCMP
CACI,WIKI/CACI
CDNS,WIKI/CDNS
CACQ,WIKI/CACQ
CZR,WIKI/CZR
CAP,WIKI/CAP
DVR,WIKI/DVR
CALM,WIKI/CALM
CLMS,WIKI/CLMS
CAMP,WIKI/CAMP
CVGW,WIKI/CVGW
CCC,WIKI/CCC
CFNB,WIKI/CFNB
CWT,WIKI/CWT
CALX,WIKI/CALX
ELY,WIKI/ELY
CALD,WIKI/CALD
CPE,WIKI/CPE
CPN,WIKI/CPN
CBM,WIKI/CBM
CAC,WIKI/CAC
CMN,WIKI/CMN
CPLA,WIKI/CPLA
CBF,WIKI/CBF
CCBG,WIKI/CCBG
CSU,WIKI/CSU
CSWC,WIKI/CSWC
CSE,WIKI/CSE
CFFN,WIKI/CFFN
CPST,WIKI/CPST
CRR,WIKI/CRR
CARB,WIKI/CARB
CFNL,WIKI/CFNL
CSII,WIKI/CSII
CATM,WIKI/CATM
CRCM,WIKI/CRCM
CECO,WIKI/CECO
CSL,WIKI/CSL
CKEC,WIKI/CKEC
CRS,WIKI/CRS
CSV,WIKI/CSV
CRZO,WIKI/CRZO
TAST,WIKI/TAST
CRI,WIKI/CRI
CACB,WIKI/CACB
CSCD,WIKI/CSCD
CWST,WIKI/CWST
CASY,WIKI/CASY
CSH,WIKI/CSH
CASS,WIKI/CASS
CAS,WIKI/CAS
CTRX,WIKI/CTRX
CATY,WIKI/CATY
CATO,WIKI/CATO
CVCO,WIKI/CVCO
CAVM,WIKI/CAVM
CBEY,WIKI/CBEY
CBZ,WIKI/CBZ
CBOE,WIKI/CBOE
CDI,WIKI/CDI
CECE,WIKI/CECE
CGI,WIKI/CGI
CE,WIKI/CE
CTIC,WIKI/CTIC
CLDX,WIKI/CLDX
ICEL,WIKI/ICEL
CEMP,WIKI/CEMP
CNC,WIKI/CNC
CNBC,WIKI/CNBC
CSFL,WIKI/CSFL
CETV,WIKI/CETV
CENTA,WIKI/CENTA
CPF,WIKI/CPF
CENX,WIKI/CENX
CNBKA,WIKI/CNBKA
CVO,WIKI/CVO
CPHD,WIKI/CPHD
CERS,WIKI/CERS
CEVA,WIKI/CEVA
ECOM,WIKI/ECOM
CRL,WIKI/CRL
GTLS,WIKI/GTLS
CHTR,WIKI/CHTR
CHFN,WIKI/CHFN
CCF,WIKI/CCF
HELI,WIKI/HELI
CHKP,WIKI/CHKP
CKP,WIKI/CKP
CAKE,WIKI/CAKE
CHEF,WIKI/CHEF
CHGG,WIKI/CHGG
CHTP,WIKI/CHTP
CHE,WIKI/CHE
CHFC,WIKI/CHFC
CCXI,WIKI/CCXI
CHMT,WIKI/CHMT
CHMG,WIKI/CHMG
LNG,WIKI/LNG
CPK,WIKI/CPK
CBI,WIKI/CBI
CHS,WIKI/CHS
PLCE,WIKI/PLCE
CMRX,WIKI/CMRX
CHDX,WIKI/CHDX
CQB,WIKI/CQB
CHH,WIKI/CHH
CBK,WIKI/CBK
CHD,WIKI/CHD
CHDN,WIKI/CHDN
CHUY,WIKI/CHUY
CBR,WIKI/CBR
CIEN,WIKI/CIEN
CIFC,WIKI/CIFC
XEC,WIKI/XEC
CBB,WIKI/CBB
CIDM,WIKI/CIDM
CNK,WIKI/CNK
CIR,WIKI/CIR
CRUS,WIKI/CRUS
CIT,WIKI/CIT
CTRN,WIKI/CTRN
CZNC,WIKI/CZNC
CIA,WIKI/CIA
CHCO,WIKI/CHCO
CYN,WIKI/CYN
CLC,WIKI/CLC
CWEI,WIKI/CWEI
CLNE,WIKI/CLNE
CLH,WIKI/CLH
CCO,WIKI/CCO
CLFD,WIKI/CLFD
CLW,WIKI/CLW
CNL,WIKI/CNL
CSBK,WIKI/CSBK
CLD,WIKI/CLD
CLVS,WIKI/CLVS
MYCC,WIKI/MYCC
CNA,WIKI/CNA
CCNE,WIKI/CCNE
CNO,WIKI/CNO
CIE,WIKI/CIE
COBZ,WIKI/COBZ
COKE,WIKI/COKE
CDE,WIKI/CDE
CCOI,WIKI/CCOI
CGNX,WIKI/CGNX
CNS,WIKI/CNS
COHR,WIKI/COHR
COHU,WIKI/COHU
CFX,WIKI/CFX
CLCT,WIKI/CLCT
COLB,WIKI/COLB
COLM,WIKI/COLM
CMCO,WIKI/CMCO
CMCSK,WIKI/CMCSK
FIX,WIKI/FIX
CBSH,WIKI/CBSH
CMC,WIKI/CMC
CVGI,WIKI/CVGI
CBU,WIKI/CBU
CYH,WIKI/CYH
CTBI,WIKI/CTBI
COB,WIKI/COB
CVLT,WIKI/CVLT
CMP,WIKI/CMP
CPSI,WIKI/CPSI
CTG,WIKI/CTG
CPWR,WIKI/CPWR
CIX,WIKI/CIX
SCOR,WIKI/SCOR
CRK,WIKI/CRK
CMTL,WIKI/CMTL
CNSI,WIKI/CNSI
CNW,WIKI/CNW
CXO,WIKI/CXO
CNQR,WIKI/CNQR
CNMD,WIKI/CNMD
CONN,WIKI/CONN
CTWS,WIKI/CTWS
CNOB,WIKI/CNOB
CTO,WIKI/CTO
CNSL,WIKI/CNSL
CWCO,WIKI/CWCO
CTCT,WIKI/CTCT
CPSS,WIKI/CPSS
TCS,WIKI/TCS
MCF,WIKI/MCF
CBPX,WIKI/CBPX
CLR,WIKI/CLR
CTRL,WIKI/CTRL
CVG,WIKI/CVG
CNVR,WIKI/CNVR
COO,WIKI/COO
CTB,WIKI/CTB
CPS,WIKI/CPS
CPA,WIKI/CPA
CPRT,WIKI/CPRT
CORT,WIKI/CORT
CORE,WIKI/CORE
CLGX,WIKI/CLGX
COCO,WIKI/COCO
CSOD,WIKI/CSOD
CNDO,WIKI/CNDO
CEB,WIKI/CEB
CRRS,WIKI/CRRS
CRVL,WIKI/CRVL
CSGP,WIKI/CSGP
COTY,WIKI/COTY
CRRC,WIKI/CRRC
CVD,WIKI/CVD
CVA,WIKI/CVA
COVS,WIKI/COVS
COWN,WIKI/COWN
CRAI,WIKI/CRAI
CBRL,WIKI/CBRL
BREW,WIKI/BREW
CR,WIKI/CR
CRAY,WIKI/CRAY
CACC,WIKI/CACC
CREE,WIKI/CREE
CROX,WIKI/CROX
CCRN,WIKI/CCRN
CCK,WIKI/CCK
CRWN,WIKI/CRWN
CRY,WIKI/CRY
CSGS,WIKI/CSGS
CSS,WIKI/CSS
CST,WIKI/CST
CTS,WIKI/CTS
CUNB,WIKI/CUNB
CUB,WIKI/CUB
CBST,WIKI/CBST
CUI,WIKI/CUI
CFR,WIKI/CFR
CFI,WIKI/CFI
CMLS,WIKI/CMLS
CRIS,WIKI/CRIS
CW,WIKI/CW
CUBI,WIKI/CUBI
CUTR,WIKI/CUTR
CVBF,WIKI/CVBF
CVT,WIKI/CVT
CVI,WIKI/CVI
CYNI,WIKI/CYNI
CYBX,WIKI/CYBX
CYNO,WIKI/CYNO
CY,WIKI/CY
CYT,WIKI/CYT
CYTK,WIKI/CYTK
CYTX,WIKI/CYTX
CYTR,WIKI/CYTR
DJCO,WIKI/DJCO
DAKT,WIKI/DAKT
DAN,WIKI/DAN
DAR,WIKI/DAR
DTLK,WIKI/DTLK
DWSN,WIKI/DWSN
TRAK,WIKI/TRAK
DF,WIKI/DF
DECK,WIKI/DECK
DFRG,WIKI/DFRG
DK,WIKI/DK
DGAS,WIKI/DGAS
DEL,WIKI/DEL
DLX,WIKI/DLX
DMD,WIKI/DMD
DWRE,WIKI/DWRE
DNDN,WIKI/DNDN
DENN,WIKI/DENN
DEPO,WIKI/DEPO
DSCI,WIKI/DSCI
DEST,WIKI/DEST
DXLG,WIKI/DXLG
DV,WIKI/DV
DXM,WIKI/DXM
DXCM,WIKI/DXCM
DLLR,WIKI/DLLR
DHT,WIKI/DHT
DMND,WIKI/DMND
DHIL,WIKI/DHIL
DRII,WIKI/DRII
FANG,WIKI/FANG
DHX,WIKI/DHX
DRNA,WIKI/DRNA
DKS,WIKI/DKS
DBD,WIKI/DBD
DGII,WIKI/DGII
DMRC,WIKI/DMRC
DRIV,WIKI/DRIV
DGI,WIKI/DGI
DDS,WIKI/DDS
DCOM,WIKI/DCOM
DIN,WIKI/DIN
DIOD,WIKI/DIOD
DISCK,WIKI/DISCK
DISH,WIKI/DISH
BAGR,WIKI/BAGR
DXYN,WIKI/DXYN
DLB,WIKI/DLB
DPZ,WIKI/DPZ
UFS,WIKI/UFS
DCI,WIKI/DCI
DGICA,WIKI/DGICA
DRL,WIKI/DRL
DORM,WIKI/DORM
HILL,WIKI/HILL
PLOW,WIKI/PLOW
DWA,WIKI/DWA
DRC,WIKI/DRC
DW,WIKI/DW
DRQ,WIKI/DRQ
DSPG,WIKI/DSPG
DST,WIKI/DST
DSW,WIKI/DSW
DTSI,WIKI/DTSI
DCO,WIKI/DCO
DNKN,WIKI/DNKN
DRTX,WIKI/DRTX
DXPE,WIKI/DXPE
DYAX,WIKI/DYAX
DY,WIKI/DY
BOOM,WIKI/BOOM
DVAX,WIKI/DVAX
DYN,WIKI/DYN
EDIG,WIKI/EDIG
EOPN,WIKI/EOPN
EGBN,WIKI/EGBN
EXP,WIKI/EXP
ELNK,WIKI/ELNK
EWBC,WIKI/EWBC
KODK,WIKI/KODK
EV,WIKI/EV
EBIX,WIKI/EBIX
ECHO,WIKI/ECHO
SATS,WIKI/SATS
EDMC,WIKI/EDMC
EGAN,WIKI/EGAN
EGLT,WIKI/EGLT
EHTH,WIKI/EHTH
BAGL,WIKI/BAGL
EE,WIKI/EE
ELRC,WIKI/ELRC
ESIO,WIKI/ESIO
EFII,WIKI/EFII
EBIO,WIKI/EBIO
RDEN,WIKI/RDEN
ELLI,WIKI/ELLI
EMCI,WIKI/EMCI
EME,WIKI/EME
EOX,WIKI/EOX
EBS,WIKI/EBS
ESC,WIKI/ESC
EDE,WIKI/EDE
NYNY,WIKI/NYNY
EIG,WIKI/EIG
ELX,WIKI/ELX
ENTA,WIKI/ENTA
ECPG,WIKI/ECPG
WIRE,WIKI/WIRE
END,WIKI/END
ENDP,WIKI/ENDP
ECYT,WIKI/ECYT
ELGX,WIKI/ELGX
EIGI,WIKI/EIGI
ENH,WIKI/ENH
EGN,WIKI/EGN
ENR,WIKI/ENR
ERII,WIKI/ERII
EXXI,WIKI/EXXI
ENOC,WIKI/ENOC
ENS,WIKI/ENS
EGL,WIKI/EGL
EBF,WIKI/EBF
ENPH,WIKI/ENPH
NPO,WIKI/NPO
ENSG,WIKI/ENSG
ESGR,WIKI/ESGR
ENTG,WIKI/ENTG
ETM,WIKI/ETM
EBTC,WIKI/EBTC
EFSC,WIKI/EFSC
EVC,WIKI/EVC
ENTR,WIKI/ENTR
ENV,WIKI/ENV
EVHC,WIKI/EVHC
ENZ,WIKI/ENZ
ENZN,WIKI/ENZN
EPAM,WIKI/EPAM
EPIQ,WIKI/EPIQ
EPZM,WIKI/EPZM
EPL,WIKI/EPL
PLUS,WIKI/PLUS
EQU,WIKI/EQU
EQIX,WIKI/EQIX
ERA,WIKI/ERA
EAC,WIKI/EAC
ERIE,WIKI/ERIE
EROS,WIKI/EROS
ESBF,WIKI/ESBF
ESCA,WIKI/ESCA
ESE,WIKI/ESE
ESPR,WIKI/ESPR
ESSA,WIKI/ESSA
ESNT,WIKI/ESNT
ESL,WIKI/ESL
ETH,WIKI/ETH
EEFT,WIKI/EEFT
EVER,WIKI/EVER
EVR,WIKI/EVR
RE,WIKI/RE
EVTC,WIKI/EVTC
EVRY,WIKI/EVRY
EPM,WIKI/EPM
SSP,WIKI/SSP
EXAS,WIKI/EXAS
EXAC,WIKI/EXAC
EXAM,WIKI/EXAM
EXAR,WIKI/EXAR
XCO,WIKI/XCO
XLS,WIKI/XLS
EXEL,WIKI/EXEL
EXLS,WIKI/EXLS
XONE,WIKI/XONE
EXPO,WIKI/EXPO
EXPR,WIKI/EXPR
EXH,WIKI/EXH
EXTR,WIKI/EXTR
EZPW,WIKI/EZPW
FN,WIKI/FN
FDS,WIKI/FDS
FICO,WIKI/FICO
FCS,WIKI/FCS
FRP,WIKI/FRP
FWM,WIKI/FWM
DAVE,WIKI/DAVE
FARM,WIKI/FARM
FFKT,WIKI/FFKT
FARO,WIKI/FARO
FFG,WIKI/FFG
FBRC,WIKI/FBRC
AGM,WIKI/AGM
FSS,WIKI/FSS
FDML,WIKI/FDML
FII,WIKI/FII
FNHC,WIKI/FNHC
FEIC,WIKI/FEIC
FHCO,WIKI/FHCO
FOE,WIKI/FOE
FCSC,WIKI/FCSC
FGL,WIKI/FGL
FNF,WIKI/FNF
LION,WIKI/LION
FDUS,WIKI/FDUS
FRGI,WIKI/FRGI
FSC,WIKI/FSC
FNGN,WIKI/FNGN
FISI,WIKI/FISI
FNSR,WIKI/FNSR
FINL,WIKI/FINL
FAF,WIKI/FAF
FNLC,WIKI/FNLC
FBP,WIKI/FBP
FBNC,WIKI/FBNC
BUSE,WIKI/BUSE
FBIZ,WIKI/FBIZ
FCFS,WIKI/FCFS
FCNCA,WIKI/FCNCA
FCF,WIKI/FCF
FCBC,WIKI/FCBC
FBNK,WIKI/FBNK
FDEF,WIKI/FDEF
FFBH,WIKI/FFBH
FFBC,WIKI/FFBC
THFF,WIKI/THFF
SCBT,WIKI/SCBT
FFNW,WIKI/FFNW
FFIN,WIKI/FFIN
FHN,WIKI/FHN
FIBK,WIKI/FIBK
FMD,WIKI/FMD
FRME,WIKI/FRME
FMBI,WIKI/FMBI
BGC,WIKI/BGC
GNCMA,WIKI/GNCMA
GFN,WIKI/GFN
GMO,WIKI/GMO
GCO,WIKI/GCO
GWR,WIKI/GWR
GNE,WIKI/GNE
GNMK,WIKI/GNMK
GNCA,WIKI/GNCA
GHDX,WIKI/GHDX
G,WIKI/G
GNTX,WIKI/GNTX
THRM,WIKI/THRM
GTIV,WIKI/GTIV
GEOS,WIKI/GEOS
GABC,WIKI/GABC
GERN,WIKI/GERN
GFIG,WIKI/GFIG
ROCK,WIKI/ROCK
GIMO,WIKI/GIMO
GBCI,WIKI/GBCI
GLAD,WIKI/GLAD
GAIN,WIKI/GAIN
GLT,WIKI/GLT
BRSS,WIKI/BRSS
GCA,WIKI/GCA
ENT,WIKI/ENT
GBLI,WIKI/GBLI
GPN,WIKI/GPN
GLPW,WIKI/GLPW
GSOL,WIKI/GSOL
GSAT,WIKI/GSAT
GSM,WIKI/GSM
GMED,WIKI/GMED
GLUU,WIKI/GLUU
GNC,WIKI/GNC
GOGO,WIKI/GOGO
GLNG,WIKI/GLNG
GORO,WIKI/GORO
GBDC,WIKI/GBDC
GDP,WIKI/GDP
GMAN,WIKI/GMAN
GRC,WIKI/GRC
GPX,WIKI/GPX
GGG,WIKI/GGG
GTI,WIKI/GTI
GHM,WIKI/GHM
LOPE,WIKI/LOPE
GVA,WIKI/GVA
GPK,WIKI/GPK
GTN,WIKI/GTN
GLDD,WIKI/GLDD
GXP,WIKI/GXP
GSBC,WIKI/GSBC
GB,WIKI/GB
GDOT,WIKI/GDOT
GMCR,WIKI/GMCR
GPRE,WIKI/GPRE
GBX,WIKI/GBX
GHL,WIKI/GHL
GLRE,WIKI/GLRE
GEF,WIKI/GEF
GRIF,WIKI/GRIF
GFF,WIKI/GFF
GPI,WIKI/GPI
GRPN,WIKI/GRPN
GSIG,WIKI/GSIG
GSIT,WIKI/GSIT
GSVC,WIKI/GSVC
GTAT,WIKI/GTAT
GTT,WIKI/GTT
GTXI,WIKI/GTXI
GBNK,WIKI/GBNK
GES,WIKI/GES
GUID,WIKI/GUID
GWRE,WIKI/GWRE
GIFI,WIKI/GIFI
GLF,WIKI/GLF
GPOR,WIKI/GPOR
HEES,WIKI/HEES
FUL,WIKI/FUL
HCKT,WIKI/HCKT
HAE,WIKI/HAE
HAIN,WIKI/HAIN
HK,WIKI/HK
HNRG,WIKI/HNRG
HALL,WIKI/HALL
HALO,WIKI/HALO
HMPR,WIKI/HMPR
HBHC,WIKI/HBHC
HNH,WIKI/HNH
HBI,WIKI/HBI
HGR,WIKI/HGR
HAFC,WIKI/HAFC
HASI,WIKI/HASI
THG,WIKI/THG
HRG,WIKI/HRG
HDNG,WIKI/HDNG
HLIT,WIKI/HLIT
HSC,WIKI/HSC
HHS,WIKI/HHS
HBIO,WIKI/HBIO
HNR,WIKI/HNR
HVT,WIKI/HVT
HE,WIKI/HE
HA,WIKI/HA
HCOM,WIKI/HCOM
HWKN,WIKI/HWKN
HAYN,WIKI/HAYN
HCA,WIKI/HCA
HCC,WIKI/HCC
HCI,WIKI/HCI
HW,WIKI/HW
HIIQ,WIKI/HIIQ
HNT,WIKI/HNT
HCSG,WIKI/HCSG
HLS,WIKI/HLS
HSTM,WIKI/HSTM
HWAY,WIKI/HWAY
HTLD,WIKI/HTLD
HTLF,WIKI/HTLF
HPY,WIKI/HPY
HTWR,WIKI/HTWR
HL,WIKI/HL
HEI,WIKI/HEI
HSII,WIKI/HSII
HELE,WIKI/HELE
HLX,WIKI/HLX
HMTV,WIKI/HMTV
HSIC,WIKI/HSIC
HLF,WIKI/HLF
HERO,WIKI/HERO
HTGC,WIKI/HTGC
HTBK,WIKI/HTBK
HFWA,WIKI/HFWA
HEOP,WIKI/HEOP
HCCI,WIKI/HCCI
MLHR,WIKI/MLHR
HRTX,WIKI/HRTX
HTZ,WIKI/HTZ
HXL,WIKI/HXL
HF,WIKI/HF
HGG,WIKI/HGG
HITK,WIKI/HITK
HIBB,WIKI/HIBB
HTCO,WIKI/HTCO
ONE,WIKI/ONE
HIL,WIKI/HIL
HRC,WIKI/HRC
HI,WIKI/HI
HSH,WIKI/HSH
HTH,WIKI/HTH
HIFS,WIKI/HIFS
HITT,WIKI/HITT
HMSY,WIKI/HMSY
HNI,WIKI/HNI
HFC,WIKI/HFC
HOLX,WIKI/HOLX
HBCP,WIKI/HBCP
HOMB,WIKI/HOMB
HOME,WIKI/HOME
HLSS,WIKI/HLSS
AWAY,WIKI/AWAY
HMST,WIKI/HMST
HTBI,WIKI/HTBI
HOFT,WIKI/HOFT
HMN,WIKI/HMN
HBNC,WIKI/HBNC
HZNP,WIKI/HZNP
HRZN,WIKI/HRZN
HOS,WIKI/HOS
ZINC,WIKI/ZINC
HMHC,WIKI/HMHC
HWCC,WIKI/HWCC
HOV,WIKI/HOV
HHC,WIKI/HHC
HSNI,WIKI/HSNI
HUBG,WIKI/HUBG
HVB,WIKI/HVB
JBHT,WIKI/JBHT
HII,WIKI/HII
HUN,WIKI/HUN
HURC,WIKI/HURC
HURN,WIKI/HURN
HTCH,WIKI/HTCH
H,WIKI/H
HPTX,WIKI/HPTX
HY,WIKI/HY
IACI,WIKI/IACI
IBKC,WIKI/IBKC
ICFI,WIKI/ICFI
ICGE,WIKI/ICGE
ICON,WIKI/ICON
ICUI,WIKI/ICUI
IDA,WIKI/IDA
IDIX,WIKI/IDIX
IDRA,WIKI/IDRA
IEX,WIKI/IEX
IDXX,WIKI/IDXX
IDT,WIKI/IDT
IGTE,WIKI/IGTE
IG,WIKI/IG
IRG,WIKI/IRG
IHS,WIKI/IHS
IIVI,WIKI/IIVI
ILMN,WIKI/ILMN
IMN,WIKI/IMN
IMMR,WIKI/IMMR
IMGN,WIKI/IMGN
IMMU,WIKI/IMMU
IPXL,WIKI/IPXL
IFT,WIKI/IFT
IMPV,WIKI/IMPV
SAAS,WIKI/SAAS
INCY,WIKI/INCY
IHC,WIKI/IHC
IBCP,WIKI/IBCP
INDB,WIKI/INDB
IBTX,WIKI/IBTX
INFN,WIKI/INFN
INFI,WIKI/INFI
IPCC,WIKI/IPCC
BLOX,WIKI/BLOX
INFA,WIKI/INFA
III,WIKI/III
VOYA,WIKI/VOYA
IMKTA,WIKI/IMKTA
IM,WIKI/IM
INGR,WIKI/INGR
INWK,WIKI/INWK
IPHS,WIKI/IPHS
IOSP,WIKI/IOSP
ISSC,WIKI/ISSC
INGN,WIKI/INGN
INO,WIKI/INO
IPHI,WIKI/IPHI
NSIT,WIKI/NSIT
INSM,WIKI/INSM
NSP,WIKI/NSP
IBP,WIKI/IBP
IIIN,WIKI/IIIN
PODD,WIKI/PODD
INSY,WIKI/INSY
IART,WIKI/IART
IDTI,WIKI/IDTI
ISSI,WIKI/ISSI
IQNT,WIKI/IQNT
I,WIKI/I
IPAR,WIKI/IPAR
IBKR,WIKI/IBKR
ININ,WIKI/ININ
ICPT,WIKI/ICPT
IDCC,WIKI/IDCC
TILE,WIKI/TILE
IMI,WIKI/IMI
ITMN,WIKI/ITMN
INAP,WIKI/INAP
IBOC,WIKI/IBOC
INTX,WIKI/INTX
ISIL,WIKI/ISIL
IILG,WIKI/IILG
IBCA,WIKI/IBCA
IVAC,WIKI/IVAC
INTL,WIKI/INTL
IRF,WIKI/IRF
ISH,WIKI/ISH
ISCA,WIKI/ISCA
ITCI,WIKI/ITCI
IL,WIKI/IL
SNOW,WIKI/SNOW
IPI,WIKI/IPI
XON,WIKI/XON
IVC,WIKI/IVC
INVN,WIKI/INVN
SNAK,WIKI/SNAK
ITG,WIKI/ITG
ISBC,WIKI/ISBC
ITIC,WIKI/ITIC
IO,WIKI/IO
IPCM,WIKI/IPCM
IPGP,WIKI/IPGP
IRDM,WIKI/IRDM
IRBT,WIKI/IRBT
IRWD,WIKI/IRWD
ISIS,WIKI/ISIS
ISLE,WIKI/ISLE
ISRL,WIKI/ISRL
ITC,WIKI/ITC
ITRI,WIKI/ITRI
ITT,WIKI/ITT
ESI,WIKI/ESI
XXIA,WIKI/XXIA
IXYS,WIKI/IXYS
JJSF,WIKI/JJSF
JCP,WIKI/JCP
JCOM,WIKI/JCOM
JKHY,WIKI/JKHY
JACK,WIKI/JACK
JAKK,WIKI/JAKK
JMBA,WIKI/JMBA
JNS,WIKI/JNS
JAH,WIKI/JAH
JDSU,WIKI/JDSU
JBLU,WIKI/JBLU
JGW,WIKI/JGW
JIVE,WIKI/JIVE
JBSS,WIKI/JBSS
JBT,WIKI/JBT
JOUT,WIKI/JOUT
JONE,WIKI/JONE
JNY,WIKI/JNY
JLL,WIKI/JLL
JRN,WIKI/JRN
TAX,WIKI/TAX
LRN,WIKI/LRN
KAI,WIKI/KAI
KALU,WIKI/KALU
KAMN,WIKI/KAMN
KCLI,WIKI/KCLI
KS,WIKI/KS
KAR,WIKI/KAR
KPTI,WIKI/KPTI
KBH,WIKI/KBH
KBR,WIKI/KBR
KCG,WIKI/KCG
KRNY,WIKI/KRNY
KELYA,WIKI/KELYA
KEM,WIKI/KEM
KMPR,WIKI/KMPR
KMT,WIKI/KMT
KW,WIKI/KW
KERX,WIKI/KERX
KEG,WIKI/KEG
KEYW,WIKI/KEYW
KFRC,WIKI/KFRC
KBALB,WIKI/KBALB
KIN,WIKI/KIN
KND,WIKI/KND
KEX,WIKI/KEX
KIRK,WIKI/KIRK
KMG,WIKI/KMG
KNX,WIKI/KNX
VLCCF,WIKI/VLCCF
KNL,WIKI/KNL
KOG,WIKI/KOG
KFX,WIKI/KFX
KOPN,WIKI/KOPN
KOP,WIKI/KOP
KFY,WIKI/KFY
KOS,WIKI/KOS
KRA,WIKI/KRA
KTOS,WIKI/KTOS
KKD,WIKI/KKD
KRO,WIKI/KRO
KVHI,WIKI/KVHI
KYTH,WIKI/KYTH
LLEN,WIKI/LLEN
LZB,WIKI/LZB
LG,WIKI/LG
LADR,WIKI/LADR
LTS,WIKI/LTS
LBAI,WIKI/LBAI
LKFN,WIKI/LKFN
LAMR,WIKI/LAMR
LANC,WIKI/LANC
LDR,WIKI/LDR
LNDC,WIKI/LNDC
LSTR,WIKI/LSTR
LCI,WIKI/LCI
LPI,WIKI/LPI
LVS,WIKI/LVS
LSCC,WIKI/LSCC
LAYN,WIKI/LAYN
LCNB,WIKI/LCNB
LDRH,WIKI/LDRH
LF,WIKI/LF
LEA,WIKI/LEA
LEE,WIKI/LEE
LDOS,WIKI/LDOS
LII,WIKI/LII
LVLT,WIKI/LVLT
LXRX,WIKI/LXRX
LXK,WIKI/LXK
LGIH,WIKI/LGIH
LHCG,WIKI/LHCG
LBY,WIKI/LBY
LBMH,WIKI/LBMH
LBTYA,WIKI/LBTYA
LINTA,WIKI/LINTA
LMCA,WIKI/LMCA
LVNTA,WIKI/LVNTA
LTM,WIKI/LTM
LOCK,WIKI/LOCK
LPNT,WIKI/LPNT
LCUT,WIKI/LCUT
LFVN,WIKI/LFVN
LWAY,WIKI/LWAY
LGND,WIKI/LGND
LLNW,WIKI/LLNW
LMNR,WIKI/LMNR
LINC,WIKI/LINC
LECO,WIKI/LECO
LNN,WIKI/LNN
LNKD,WIKI/LNKD
LIOX,WIKI/LIOX
LGF,WIKI/LGF
LQDT,WIKI/LQDT
LAD,WIKI/LAD
LFUS,WIKI/LFUS
LYV,WIKI/LYV
LPSN,WIKI/LPSN
LKQ,WIKI/LKQ
LMIA,WIKI/LMIA
LOGM,WIKI/LOGM
LORL,WIKI/LORL
LPX,WIKI/LPX
LPLA,WIKI/LPLA
LXU,WIKI/LXU
LYTS,WIKI/LYTS
LTXC,WIKI/LTXC
LUB,WIKI/LUB
LL,WIKI/LL
LMNX,WIKI/LMNX
LMOS,WIKI/LMOS
LXFT,WIKI/LXFT
LDL,WIKI/LDL
MHO,WIKI/MHO
MTSI,WIKI/MTSI
MCBC,WIKI/MCBC
MGNX,WIKI/MGNX
MSG,WIKI/MSG
MGLN,WIKI/MGLN
CALL,WIKI/CALL
MHR,WIKI/MHR
MHLD,WIKI/MHLD
MAIN,WIKI/MAIN
MSFG,WIKI/MSFG
MBUU,WIKI/MBUU
MNK,WIKI/MNK
MANH,WIKI/MANH
MNTX,WIKI/MNTX
MTW,WIKI/MTW
MN,WIKI/MN
MNKD,WIKI/MNKD
MAN,WIKI/MAN
MANT,WIKI/MANT
MCHX,WIKI/MCHX
MMI,WIKI/MMI
MCS,WIKI/MCS
MRIN,WIKI/MRIN
MPX,WIKI/MPX
HZO,WIKI/HZO
MKL,WIKI/MKL
MKTX,WIKI/MKTX
MKTO,WIKI/MKTO
MRLN,WIKI/MRLN
VAC,WIKI/VAC
MBII,WIKI/MBII
MRTN,WIKI/MRTN
MSO,WIKI/MSO
MLM,WIKI/MLM
MRVL,WIKI/MRVL
MASI,WIKI/MASI
DOOR,WIKI/DOOR
MTZ,WIKI/MTZ
MTDR,WIKI/MTDR
MTRN,WIKI/MTRN
MTRX,WIKI/MTRX
MATX,WIKI/MATX
MATW,WIKI/MATW
MFRM,WIKI/MFRM
MVNR,WIKI/MVNR
MXIM,WIKI/MXIM
MMS,WIKI/MMS
MXL,WIKI/MXL
MXWL,WIKI/MXWL
MBFI,WIKI/MBFI
MBI,WIKI/MBI
MNI,WIKI/MNI
MDR,WIKI/MDR
MCGC,WIKI/MCGC
MGRC,WIKI/MGRC
MDC,WIKI/MDC
MDCA,WIKI/MDCA
MDU,WIKI/MDU
MIG,WIKI/MIG
MEAS,WIKI/MEAS
TAXI,WIKI/TAXI
MDAS,WIKI/MDAS
MEG,WIKI/MEG
MDCI,WIKI/MDCI
MDCO,WIKI/MDCO
MDSO,WIKI/MDSO
MED,WIKI/MED
MDVN,WIKI/MDVN
MCC,WIKI/MCC
MD,WIKI/MD
MEIP,WIKI/MEIP
MW,WIKI/MW
MENT,WIKI/MENT
MBWM,WIKI/MBWM
MBVT,WIKI/MBVT
MCY,WIKI/MCY
MRCY,WIKI/MRCY
MDP,WIKI/MDP
MRGE,WIKI/MRGE
VIVO,WIKI/VIVO
EBSB,WIKI/EBSB
MMSI,WIKI/MMSI
MTH,WIKI/MTH
MTOR,WIKI/MTOR
MACK,WIKI/MACK
MLAB,WIKI/MLAB
CASH,WIKI/CASH
MEI,WIKI/MEI
METR,WIKI/METR
MTD,WIKI/MTD
MIL,WIKI/MIL
MGEE,WIKI/MGEE
MTG,WIKI/MTG
MGM,WIKI/MGM
MCRL,WIKI/MCRL
MCRS,WIKI/MCRS
MSCC,WIKI/MSCC
MSTR,WIKI/MSTR
MBRG,WIKI/MBRG
MIDD,WIKI/MIDD
MSEX,WIKI/MSEX
MSL,WIKI/MSL
MPO,WIKI/MPO
MDW,WIKI/MDW
MOFG,WIKI/MOFG
MM,WIKI/MM
MILL,WIKI/MILL
MLR,WIKI/MLR
MDXG,WIKI/MDXG
MSA,WIKI/MSA
MTX,WIKI/MTX
MRTX,WIKI/MRTX
MG,WIKI/MG
MIND,WIKI/MIND
MITK,WIKI/MITK
MKSI,WIKI/MKSI
MINI,WIKI/MINI
MODN,WIKI/MODN
MOD,WIKI/MOD
MLNK,WIKI/MLNK
MOH,WIKI/MOH
MCP,WIKI/MCP
MNTA,WIKI/MNTA
MCRI,WIKI/MCRI
MGI,WIKI/MGI
MPWR,WIKI/MPWR
TYPE,WIKI/TYPE
MNRO,WIKI/MNRO
MWW,WIKI/MWW
MRH,WIKI/MRH
MHGC,WIKI/MHGC
MORN,WIKI/MORN
MOSY,WIKI/MOSY
MPAA,WIKI/MPAA
MOV,WIKI/MOV
MOVE,WIKI/MOVE
MRC,WIKI/MRC
MSM,WIKI/MSM
MSCI,WIKI/MSCI
MTSC,WIKI/MTSC
MLI,WIKI/MLI
MWA,WIKI/MWA
LABL,WIKI/LABL
MFLX,WIKI/MFLX
MGAM,WIKI/MGAM
MUSA,WIKI/MUSA
MVC,WIKI/MVC
MWIV,WIKI/MWIV
MYE,WIKI/MYE
MYRG,WIKI/MYRG
MYGN,WIKI/MYGN
NBTB,WIKI/NBTB
NC,WIKI/NC
NANO,WIKI/NANO
NSPH,WIKI/NSPH
NSTG,WIKI/NSTG
NNVC,WIKI/NNVC
NASB,WIKI/NASB
NATH,WIKI/NATH
NBHC,WIKI/NBHC
NKSH,WIKI/NKSH
FIZZ,WIKI/FIZZ
NCMI,WIKI/NCMI
NFG,WIKI/NFG
NHC,WIKI/NHC
NATI,WIKI/NATI
NATL,WIKI/NATL
NPK,WIKI/NPK
NRCIA,WIKI/NRCIA
NSM,WIKI/NSM
NPBC,WIKI/NPBC
NWLI,WIKI/NWLI
NGS,WIKI/NGS
NGVC,WIKI/NGVC
NATR,WIKI/NATR
BABY,WIKI/BABY
NLS,WIKI/NLS
NAVB,WIKI/NAVB
NCI,WIKI/NCI
NAVG,WIKI/NAVG
NNA,WIKI/NNA
NM,WIKI/NM
NAV,WIKI/NAV
NCS,WIKI/NCS
NCR,WIKI/NCR
NP,WIKI/NP
NKTR,WIKI/NKTR
NNI,WIKI/NNI
NEOG,WIKI/NEOG
NEO,WIKI/NEO
NEON,WIKI/NEON
NPTN,WIKI/NPTN
NBS,WIKI/NBS
NETE,WIKI/NETE
NTGR,WIKI/NTGR
NTCT,WIKI/NTCT
N,WIKI/N
CUR,WIKI/CUR
NBIX,WIKI/NBIX
NSR,WIKI/NSR
NWHM,WIKI/NWHM
NJR,WIKI/NJR
NEWM,WIKI/NEWM
NMFC,WIKI/NMFC
NWY,WIKI/NWY
NYCB,WIKI/NYCB
NYT,WIKI/NYT
NBBC,WIKI/NBBC
NLNK,WIKI/NLNK
NEU,WIKI/NEU
NR,WIKI/NR
NEWP,WIKI/NEWP
NWS,WIKI/NWS
NEWS,WIKI/NEWS
NXST,WIKI/NXST
NGPC,WIKI/NGPC
EGOV,WIKI/EGOV
NICK,WIKI/NICK
NIHD,WIKI/NIHD
NMBL,WIKI/NMBL
NL,WIKI/NL
NMIH,WIKI/NMIH
NNBR,WIKI/NNBR
NDLS,WIKI/NDLS
NOR,WIKI/NOR
NCFT,WIKI/NCFT
NAT,WIKI/NAT
NDSN,WIKI/NDSN
NTK,WIKI/NTK
NADL,WIKI/NADL
NOG,WIKI/NOG
NFBK,WIKI/NFBK
NRIM,WIKI/NRIM
NWBI,WIKI/NWBI
NWBO,WIKI/NWBO
NWN,WIKI/NWN
NWPX,WIKI/NWPX
NWE,WIKI/NWE
NCLH,WIKI/NCLH
NVAX,WIKI/NVAX
NPSP,WIKI/NPSP
NYLD,WIKI/NYLD
NTLS,WIKI/NTLS
NUS,WIKI/NUS
NUAN,WIKI/NUAN
NMRX,WIKI/NMRX
NUTR,WIKI/NUTR
NTRI,WIKI/NTRI
NUVA,WIKI/NUVA
NES,WIKI/NES
NVEC,WIKI/NVEC
NVR,WIKI/NVR
NXTM,WIKI/NXTM
OAS,WIKI/OAS
OII,WIKI/OII
OCFC,WIKI/OCFC
OCLR,WIKI/OCLR
OCN,WIKI/OCN
OMEX,WIKI/OMEX
ODP,WIKI/ODP
OFG,WIKI/OFG
OGE,WIKI/OGE
OHRP,WIKI/OHRP
OIS,WIKI/OIS
ODC,WIKI/ODC
ODFL,WIKI/ODFL
OLBK,WIKI/OLBK
ONB,WIKI/ONB
ORI,WIKI/ORI
OLN,WIKI/OLN
ZEUS,WIKI/ZEUS
OMG,WIKI/OMG
OFLX,WIKI/OFLX
OME,WIKI/OME
OMER,WIKI/OMER
OABC,WIKI/OABC
OCR,WIKI/OCR
OMCL,WIKI/OMCL
OVTI,WIKI/OVTI
OMN,WIKI/OMN
ASGN,WIKI/ASGN
ONNN,WIKI/ONNN
OGXI,WIKI/OGXI
OMED,WIKI/OMED
ONTY,WIKI/ONTY
OGS,WIKI/OGS
OB,WIKI/OB
OPEN,WIKI/OPEN
OPHT,WIKI/OPHT
OPK,WIKI/OPK
OPLK,WIKI/OPLK
OPY,WIKI/OPY
OSUR,WIKI/OSUR
ORBC,WIKI/ORBC
ORB,WIKI/ORB
OWW,WIKI/OWW
TIS,WIKI/TIS
OREX,WIKI/OREX
ONVO,WIKI/ONVO
OEH,WIKI/OEH
ORN,WIKI/ORN
ORIT,WIKI/ORIT
ORA,WIKI/ORA
OFIX,WIKI/OFIX
OSK,WIKI/OSK
OSIS,WIKI/OSIS
OSIR,WIKI/OSIR
OTTR,WIKI/OTTR
OUTR,WIKI/OUTR
OVAS,WIKI/OVAS
OSTK,WIKI/OSTK
OMI,WIKI/OMI
OC,WIKI/OC
OXFD,WIKI/OXFD
OXM,WIKI/OXM
PTSI,WIKI/PTSI
PACR,WIKI/PACR
PACB,WIKI/PACB
PCBK,WIKI/PCBK
PEIX,WIKI/PEIX
PPBI,WIKI/PPBI
PSUN,WIKI/PSUN
PCRX,WIKI/PCRX
PKG,WIKI/PKG
PACW,WIKI/PACW
PTIE,WIKI/PTIE
PLMT,WIKI/PLMT
PANW,WIKI/PANW
P,WIKI/P
PNRA,WIKI/PNRA
PHX,WIKI/PHX
PTRY,WIKI/PTRY
PZZA,WIKI/PZZA
PZG,WIKI/PZG
PRXL,WIKI/PRXL
PCYG,WIKI/PCYG
PKE,WIKI/PKE
PRK,WIKI/PRK
PSTB,WIKI/PSTB
PKOH,WIKI/PKOH
PKD,WIKI/PKD
PRKR,WIKI/PRKR
PRE,WIKI/PRE
PATK,WIKI/PATK
PATR,WIKI/PATR
PEGI,WIKI/PEGI
PTEN,WIKI/PTEN
PBF,WIKI/PBF
PCCC,WIKI/PCCC
PCTI,WIKI/PCTI
PDCE,WIKI/PDCE
PDFS,WIKI/PDFS
PDLI,WIKI/PDLI
PGC,WIKI/PGC
PEGA,WIKI/PEGA
PCO,WIKI/PCO
PENX,WIKI/PENX
PENN,WIKI/PENN
PVA,WIKI/PVA
PFLT,WIKI/PFLT
PNNT,WIKI/PNNT
PWOD,WIKI/PWOD
PFSI,WIKI/PFSI
PAG,WIKI/PAG
PEBO,WIKI/PEBO
PFIS,WIKI/PFIS
PBY,WIKI/PBY
PPHM,WIKI/PPHM
PSMI,WIKI/PSMI
PRFT,WIKI/PRFT
PFMT,WIKI/PFMT
PSEM,WIKI/PSEM
PERI,WIKI/PERI
PTX,WIKI/PTX
PERY,WIKI/PERY
PETS,WIKI/PETS
PQ,WIKI/PQ
PGTI,WIKI/PGTI
PCYC,WIKI/PCYC
PMC,WIKI/PMC
PHH,WIKI/PHH
PHIIK,WIKI/PHIIK
PNX,WIKI/PNX
PHMD,WIKI/PHMD
PLAB,WIKI/PLAB
PICO,WIKI/PICO
PNY,WIKI/PNY
PIR,WIKI/PIR
PIKE,WIKI/PIKE
PPC,WIKI/PPC
PNK,WIKI/PNK
PNFP,WIKI/PNFP
PF,WIKI/PF
PES,WIKI/PES
PJC,WIKI/PJC
PLPM,WIKI/PLPM
PLT,WIKI/PLT
PTP,WIKI/PTP
PLXS,WIKI/PLXS
PLUG,WIKI/PLUG
PLXT,WIKI/PLXT
PGEM,WIKI/PGEM
PMCS,WIKI/PMCS
PMFG,WIKI/PMFG
PNM,WIKI/PNM
PII,WIKI/PII
PLCM,WIKI/PLCM
POL,WIKI/POL
PPO,WIKI/PPO
POOL,WIKI/POOL
PLKI,WIKI/PLKI
BPOP,WIKI/BPOP
PRAA,WIKI/PRAA
POR,WIKI/POR
PTLA,WIKI/PTLA
POST,WIKI/POST
PBPB,WIKI/PBPB
POWL,WIKI/POWL
POWI,WIKI/POWI
PSIX,WIKI/PSIX
POWR,WIKI/POWR
POZN,WIKI/POZN
PFBC,WIKI/PFBC
PLPC,WIKI/PLPC
PGI,WIKI/PGI
PBH,WIKI/PBH
PRGX,WIKI/PRGX
PSMT,WIKI/PSMT
PRI,WIKI/PRI
PRIM,WIKI/PRIM
PVTB,WIKI/PVTB
PRA,WIKI/PRA
PKT,WIKI/PKT
PFIE,WIKI/PFIE
PGNX,WIKI/PGNX
PRGS,WIKI/PRGS
PFPT,WIKI/PFPT
PRO,WIKI/PRO
PSEC,WIKI/PSEC
PB,WIKI/PB
PL,WIKI/PL
PRTA,WIKI/PRTA
PRLB,WIKI/PRLB
PRSC,WIKI/PRSC
PROV,WIKI/PROV
PFS,WIKI/PFS
PTCT,WIKI/PTCT
PTGI,WIKI/PTGI
PBYI,WIKI/PBYI
PCYO,WIKI/PCYO
PZN,WIKI/PZN
QADA,WIKI/QADA
QGEN,WIKI/QGEN
QLIK,WIKI/QLIK
QLGC,WIKI/QLGC
QUAD,WIKI/QUAD
KWR,WIKI/KWR
QLTY,WIKI/QLTY
QSII,WIKI/QSII
QLYS,WIKI/QLYS
NX,WIKI/NX
QTM,WIKI/QTM
STR,WIKI/STR
QCOR,WIKI/QCOR
QUIK,WIKI/QUIK
KWK,WIKI/KWK
QDEL,WIKI/QDEL
ZQK,WIKI/ZQK
QNST,WIKI/QNST
Q,WIKI/Q
RAX,WIKI/RAX
RDN,WIKI/RDN
ROIAK,WIKI/ROIAK
RSH,WIKI/RSH
RSYS,WIKI/RSYS
RDNT,WIKI/RDNT
RALY,WIKI/RALY
RMBS,WIKI/RMBS
RPTP,WIKI/RPTP
RAVN,WIKI/RAVN
RJF,WIKI/RJF
ROLL,WIKI/ROLL
RCAP,WIKI/RCAP
RMAX,WIKI/RMAX
RLOC,WIKI/RLOC
RDI,WIKI/RDI
RLD,WIKI/RLD
RNWK,WIKI/RNWK
RLGY,WIKI/RLGY
RP,WIKI/RP
RCPT,WIKI/RCPT
RRGB,WIKI/RRGB
RGDO,WIKI/RGDO
RGC,WIKI/RGC
RBC,WIKI/RBC
RM,WIKI/RM
RGS,WIKI/RGS
RGLS,WIKI/RGLS
RGA,WIKI/RGA
REIS,WIKI/REIS
RS,WIKI/RS
RLYP,WIKI/RLYP
REMY,WIKI/REMY
RNR,WIKI/RNR
RNST,WIKI/RNST
REGI,WIKI/REGI
RCII,WIKI/RCII
RTK,WIKI/RTK
RENT,WIKI/RENT
RGEN,WIKI/RGEN
RPRX,WIKI/RPRX
RJET,WIKI/RJET
RBCAA,WIKI/RBCAA
FRBK,WIKI/FRBK
RMD,WIKI/RMD
REN,WIKI/REN
RFP,WIKI/RFP
REXI,WIKI/REXI
RECN,WIKI/RECN
RH,WIKI/RH
SALE,WIKI/SALE
RTRX,WIKI/RTRX
RVNC,WIKI/RVNC
REV,WIKI/REV
RVLT,WIKI/RVLT
REX,WIKI/REX
REXX,WIKI/REXX
RXN,WIKI/RXN
RFMD,WIKI/RFMD
RELL,WIKI/RELL
RIGL,WIKI/RIGL
RNET,WIKI/RNET
REI,WIKI/REI
RNG,WIKI/RNG
RAD,WIKI/RAD
RVBD,WIKI/RVBD
RLI,WIKI/RLI
RRTS,WIKI/RRTS
RKT,WIKI/RKT
FUEL,WIKI/FUEL
RCKB,WIKI/RCKB
RMTI,WIKI/RMTI
ROC,WIKI/ROC
RSTI,WIKI/RSTI
ROG,WIKI/ROG
ROL,WIKI/ROL
ROSE,WIKI/ROSE
RST,WIKI/RST
RNDY,WIKI/RNDY
ROVI,WIKI/ROVI
RCL,WIKI/RCL
RGLD,WIKI/RGLD
RES,WIKI/RES
RPM,WIKI/RPM
RPXC,WIKI/RPXC
RRD,WIKI/RRD
RSPP,WIKI/RSPP
RTI,WIKI/RTI
RTIX,WIKI/RTIX
RBCN,WIKI/RBCN
RT,WIKI/RT
RKUS,WIKI/RKUS
RTEC,WIKI/RTEC
RUSHA,WIKI/RUSHA
RUTH,WIKI/RUTH
RYL,WIKI/RYL
STBA,WIKI/STBA
SYBT,WIKI/SYBT
SB,WIKI/SB
SFE,WIKI/SFE
SAFT,WIKI/SAFT
SGA,WIKI/SGA
SGNT,WIKI/SGNT
SAIA,WIKI/SAIA
SALM,WIKI/SALM
SLXP,WIKI/SLXP
SBH,WIKI/SBH
SN,WIKI/SN
SAFM,WIKI/SAFM
SD,WIKI/SD
SASR,WIKI/SASR
SGMO,WIKI/SGMO
SANM,WIKI/SANM
SPNS,WIKI/SPNS
SAPE,WIKI/SAPE
SRPT,WIKI/SRPT
SBAC,WIKI/SBAC
SCSC,WIKI/SCSC
SGK,WIKI/SGK
SCHN,WIKI/SCHN
SCHL,WIKI/SCHL
SHLM,WIKI/SHLM
SWM,WIKI/SWM
SCLN,WIKI/SCLN
SAIC,WIKI/SAIC
SGMS,WIKI/SGMS
SQI,WIKI/SQI
SALT,WIKI/SALT
STNG,WIKI/STNG
SMG,WIKI/SMG
SEB,WIKI/SEB
SEAC,WIKI/SEAC
SBCF,WIKI/SBCF
CKH,WIKI/CKH
SDRL,WIKI/SDRL
SHLD,WIKI/SHLD
SHOS,WIKI/SHOS
SGEN,WIKI/SGEN
SEAS,WIKI/SEAS
SEIC,WIKI/SEIC
SCSS,WIKI/SCSS
SEM,WIKI/SEM
SIGI,WIKI/SIGI
SEMG,WIKI/SEMG
SMTC,WIKI/SMTC
SENEA,WIKI/SENEA
SNMX,WIKI/SNMX
SXT,WIKI/SXT
SQNM,WIKI/SQNM
SQBG,WIKI/SQBG
SCI,WIKI/SCI
NOW,WIKI/NOW
SREV,WIKI/SREV
SFXE,WIKI/SFXE
SHEN,WIKI/SHEN
SHLO,WIKI/SHLO
SFL,WIKI/SFL
SCVL,WIKI/SCVL
SHOR,WIKI/SHOR
SFLY,WIKI/SFLY
SSTK,WIKI/SSTK
BSRR,WIKI/BSRR
SIF,WIKI/SIF
SIGA,WIKI/SIGA
SIGM,WIKI/SIGM
SBNY,WIKI/SBNY
SIG,WIKI/SIG
SLGN,WIKI/SLGN
SGI,WIKI/SGI
SIMG,WIKI/SIMG
SLAB,WIKI/SLAB
SSNI,WIKI/SSNI
SAMG,WIKI/SAMG
SFNC,WIKI/SFNC
SSD,WIKI/SSD
SBGI,WIKI/SBGI
SIRI,WIKI/SIRI
SIRO,WIKI/SIRO
SIX,WIKI/SIX
SZMK,WIKI/SZMK
SJW,WIKI/SJW
SKX,WIKI/SKX
SKH,WIKI/SKH
SKUL,WIKI/SKUL
SKYW,WIKI/SKYW
SWKS,WIKI/SWKS
SM,WIKI/SM
SWHC,WIKI/SWHC
AOS,WIKI/AOS
LNCE,WIKI/LNCE
SLRC,WIKI/SLRC
SUNS,WIKI/SUNS
SCTY,WIKI/SCTY
SWI,WIKI/SWI
SZYM,WIKI/SZYM
SLH,WIKI/SLH
SAH,WIKI/SAH
SONC,WIKI/SONC
SON,WIKI/SON
SONS,WIKI/SONS
BID,WIKI/BID
SJI,WIKI/SJI
SCCO,WIKI/SCCO
SBSI,WIKI/SBSI
OKSB,WIKI/OKSB
SWX,WIKI/SWX
SP,WIKI/SP
CODE,WIKI/CODE
LOV,WIKI/LOV
SPAR,WIKI/SPAR
SPTN,WIKI/SPTN
SPA,WIKI/SPA
SPNC,WIKI/SPNC
SPB,WIKI/SPB
SPPI,WIKI/SPPI
SPDC,WIKI/SPDC
TRK,WIKI/TRK
SPR,WIKI/SPR
SAVE,WIKI/SAVE
SPLK,WIKI/SPLK
LEAF,WIKI/LEAF
S,WIKI/S
SPSC,WIKI/SPSC
SPW,WIKI/SPW
SSNC,WIKI/SSNC
JOE,WIKI/JOE
STAA,WIKI/STAA
SSI,WIKI/SSI
STMP,WIKI/STMP
SFG,WIKI/SFG
SMP,WIKI/SMP
SPF,WIKI/SPF
SXI,WIKI/SXI
STSI,WIKI/STSI
STRZA,WIKI/STRZA
STFC,WIKI/STFC
STBZ,WIKI/STBZ
STLD,WIKI/STLD
SCS,WIKI/SCS
SMRT,WIKI/SMRT
STNR,WIKI/STNR
SCM,WIKI/SCM
STML,WIKI/STML
SCL,WIKI/SCL
STE,WIKI/STE
STL,WIKI/STL
STRL,WIKI/STRL
STSA,WIKI/STSA
SHOO,WIKI/SHOO
STC,WIKI/STC
SF,WIKI/SF
SWC,WIKI/SWC
STCK,WIKI/STCK
SGY,WIKI/SGY
SGBK,WIKI/SGBK
SGM,WIKI/SGM
SRI,WIKI/SRI
SSYS,WIKI/SSYS
STRT,WIKI/STRT
STRA,WIKI/STRA
RGR,WIKI/RGR
SCMP,WIKI/SCMP
SUBK,WIKI/SUBK
SNBC,WIKI/SNBC
SNHY,WIKI/SNHY
SXC,WIKI/SXC
SUNE,WIKI/SUNE
SNSS,WIKI/SNSS
SPWR,WIKI/SPWR
SMCI,WIKI/SMCI
SPN,WIKI/SPN
SUP,WIKI/SUP
SUPN,WIKI/SUPN
SUPX,WIKI/SUPX
SVU,WIKI/SVU
SPRT,WIKI/SPRT
SCAI,WIKI/SCAI
SRDX,WIKI/SRDX
SUSQ,WIKI/SUSQ
SUSS,WIKI/SUSS
SIVB,WIKI/SIVB
SFY,WIKI/SFY
SWFT,WIKI/SWFT
SWSH,WIKI/SWSH
SWS,WIKI/SWS
SYKE,WIKI/SYKE
SYA,WIKI/SYA
SMA,WIKI/SMA
GEVA,WIKI/GEVA
SYNA,WIKI/SYNA
SNCR,WIKI/SNCR
SGYP,WIKI/SGYP
SYRG,WIKI/SYRG
SNX,WIKI/SNX
SNPS,WIKI/SNPS
SNV,WIKI/SNV
SNTA,WIKI/SNTA
SYNT,WIKI/SYNT
SYUT,WIKI/SYUT
SYX,WIKI/SYX
TMUS,WIKI/TMUS
TGE,WIKI/TGE
DATA,WIKI/DATA
TAHO,WIKI/TAHO
TTWO,WIKI/TTWO
TAL,WIKI/TAL
TLMR,WIKI/TLMR
TAM,WIKI/TAM
TNDM,WIKI/TNDM
TNGO,WIKI/TNGO
TRGP,WIKI/TRGP
TRGT,WIKI/TRGT
TASR,WIKI/TASR
TAYC,WIKI/TAYC
TMHC,WIKI/TMHC
TCB,WIKI/TCB
TCPC,WIKI/TCPC
AMTD,WIKI/AMTD
TMH,WIKI/TMH
TISI,WIKI/TISI
TEAR,WIKI/TEAR
TECD,WIKI/TECD
TECH,WIKI/TECH
TTGT,WIKI/TTGT
TECUA,WIKI/TECUA
TK,WIKI/TK
TNK,WIKI/TNK
TRC,WIKI/TRC
TSYS,WIKI/TSYS
TDY,WIKI/TDY
TFX,WIKI/TFX
TNAV,WIKI/TNAV
TDS,WIKI/TDS
TTEC,WIKI/TTEC
TPX,WIKI/TPX
TNC,WIKI/TNC
TEN,WIKI/TEN
TER,WIKI/TER
TEX,WIKI/TEX
TBNK,WIKI/TBNK
TSRO,WIKI/TSRO
TESO,WIKI/TESO
TSLA,WIKI/TSLA
TESS,WIKI/TESS
TSRA,WIKI/TSRA
TTEK,WIKI/TTEK
TTI,WIKI/TTI
TTPH,WIKI/TTPH
TCBI,WIKI/TCBI
TXI,WIKI/TXI
TXRH,WIKI/TXRH
TGH,WIKI/TGH
TXTR,WIKI/TXTR
TFSL,WIKI/TFSL
TGTX,WIKI/TGTX
TXMD,WIKI/TXMD
THRX,WIKI/THRX
THR,WIKI/THR
TPRE,WIKI/TPRE
TCRD,WIKI/TCRD
TRI,WIKI/TRI
THO,WIKI/THO
THOR,WIKI/THOR
THLD,WIKI/THLD
TIBX,WIKI/TIBX
TICC,WIKI/TICC
TDW,WIKI/TDW
TTS,WIKI/TTS
TLYS,WIKI/TLYS
TKR,WIKI/TKR
TWI,WIKI/TWI
TITN,WIKI/TITN
TIVO,WIKI/TIVO
TOL,WIKI/TOL
TMP,WIKI/TMP
TR,WIKI/TR
TRNX,WIKI/TRNX
TTC,WIKI/TTC
TWGP,WIKI/TWGP
TOWR,WIKI/TOWR
TW,WIKI/TW
TWER,WIKI/TWER
CLUB,WIKI/CLUB
TOWN,WIKI/TOWN
TWMC,WIKI/TWMC
TAT,WIKI/TAT
TDG,WIKI/TDG
TZOO,WIKI/TZOO
TRR,WIKI/TRR
TG,WIKI/TG
TREE,WIKI/TREE
THS,WIKI/THS
TRMR,WIKI/TRMR
TREX,WIKI/TREX
TPH,WIKI/TPH
TCAP,WIKI/TCAP
TPLM,WIKI/TPLM
TCBK,WIKI/TCBK
TRS,WIKI/TRS
TRMB,WIKI/TRMB
TRN,WIKI/TRN
GTS,WIKI/GTS
TQNT,WIKI/TQNT
TSC,WIKI/TSC
TGI,WIKI/TGI
TROX,WIKI/TROX
TBI,WIKI/TBI
TRLA,WIKI/TRLA
TRST,WIKI/TRST
TRMK,WIKI/TRMK
TRW,WIKI/TRW
TTMI,WIKI/TTMI
TUES,WIKI/TUES
TUMI,WIKI/TUMI
TUP,WIKI/TUP
TPC,WIKI/TPC
TWTC,WIKI/TWTC
FOX,WIKI/FOX
TWIN,WIKI/TWIN
TWTR,WIKI/TWTR
TYL,WIKI/TYL
USPH,WIKI/USPH
UBNT,WIKI/UBNT
UCP,WIKI/UCP
UFPT,WIKI/UFPT
UGI,WIKI/UGI
UIL,WIKI/UIL
ULTA,WIKI/ULTA
ULTI,WIKI/ULTI
UCTT,WIKI/UCTT
UPL,WIKI/UPL
RARE,WIKI/RARE
ULTR,WIKI/ULTR
UTEK,WIKI/UTEK
UMBF,WIKI/UMBF
UMPQ,WIKI/UMPQ
UA,WIKI/UA
UNXL,WIKI/UNXL
UFI,WIKI/UFI
UNF,WIKI/UNF
UNIS,WIKI/UNIS
UBSH,WIKI/UBSH
UIS,WIKI/UIS
UNT,WIKI/UNT
UBSI,WIKI/UBSI
UCBI,WIKI/UCBI
UCFC,WIKI/UCFC
UAL,WIKI/UAL
UBNK,WIKI/UBNK
UFCS,WIKI/UFCS
UIHC,WIKI/UIHC
UNFI,WIKI/UNFI
UNTD,WIKI/UNTD
URI,WIKI/URI
USLM,WIKI/USLM
USTR,WIKI/USTR
UTHR,WIKI/UTHR
UTL,WIKI/UTL
UAM,WIKI/UAM
UVV,WIKI/UVV
OLED,WIKI/OLED
UEIC,WIKI/UEIC
UFPI,WIKI/UFPI
UHS,WIKI/UHS
UVE,WIKI/UVE
USAP,WIKI/USAP
UTI,WIKI/UTI
UACL,WIKI/UACL
UVSP,WIKI/UVSP
UNS,WIKI/UNS
UPIP,WIKI/UPIP
URG,WIKI/URG
UEC,WIKI/UEC
URS,WIKI/URS
USM,WIKI/USM
USCR,WIKI/USCR
ECOL,WIKI/ECOL
SLCA,WIKI/SLCA
USMO,WIKI/USMO
USAK,WIKI/USAK
USNA,WIKI/USNA
USG,WIKI/USG
USMD,WIKI/USMD
UTMD,WIKI/UTMD
UTIW,WIKI/UTIW
EGY,WIKI/EGY
MTN,WIKI/MTN
VRX,WIKI/VRX
VR,WIKI/VR
VLY,WIKI/VLY
VMI,WIKI/VMI
VAL,WIKI/VAL
VVTV,WIKI/VVTV
VNDA,WIKI/VNDA
VTG,WIKI/VTG
VNTV,WIKI/VNTV
VDSI,WIKI/VDSI
VASC,WIKI/VASC
WOOF,WIKI/WOOF
VGR,WIKI/VGR
VVC,WIKI/VVC
VECO,WIKI/VECO
VRA,WIKI/VRA
VCYT,WIKI/VCYT
VSTM,WIKI/VSTM
PAY,WIKI/PAY
VRNT,WIKI/VRNT
VRSK,WIKI/VRSK
VTNR,WIKI/VTNR
VVI,WIKI/VVI
VSAT,WIKI/VSAT
VIAS,WIKI/VIAS
VICL,WIKI/VICL
VICR,WIKI/VICR
VPFG,WIKI/VPFG
VLGEA,WIKI/VLGEA
VNCE,WIKI/VNCE
VMEM,WIKI/VMEM
VHC,WIKI/VHC
VRTS,WIKI/VRTS
VRTU,WIKI/VRTU
VSH,WIKI/VSH
VPG,WIKI/VPG
VPRT,WIKI/VPRT
VC,WIKI/VC
VITC,WIKI/VITC
VSI,WIKI/VSI
VTSS,WIKI/VTSS
VVUS,WIKI/VVUS
VMW,WIKI/VMW
VCRA,WIKI/VCRA
VOCS,WIKI/VOCS
VOLC,WIKI/VOLC
VG,WIKI/VG
VOXX,WIKI/VOXX
VRNG,WIKI/VRNG
VSEC,WIKI/VSEC
WTI,WIKI/WTI
WNC,WIKI/WNC
WBC,WIKI/WBC
WAB,WIKI/WAB
WDR,WIKI/WDR
WAGE,WIKI/WAGE
WD,WIKI/WD
WLT,WIKI/WLT
WAC,WIKI/WAC
WRES,WIKI/WRES
WBCO,WIKI/WBCO
WAFD,WIKI/WAFD
WASH,WIKI/WASH
WCN,WIKI/WCN
WSBF,WIKI/WSBF
WSO,WIKI/WSO
WTS,WIKI/WTS
WPP,WIKI/WPP
WCIC,WIKI/WCIC
WDFC,WIKI/WDFC
WWWW,WIKI/WWWW
WBMD,WIKI/WBMD
WBS,WIKI/WBS
WTW,WIKI/WTW
WMK,WIKI/WMK
WCG,WIKI/WCG
WEN,WIKI/WEN
WERN,WIKI/WERN
WSBC,WIKI/WSBC
WAIR,WIKI/WAIR
WCC,WIKI/WCC
WTBA,WIKI/WTBA
WSTC,WIKI/WSTC
WMAR,WIKI/WMAR
WST,WIKI/WST
WABC,WIKI/WABC
WR,WIKI/WR
WSTL,WIKI/WSTL
WAL,WIKI/WAL
WNR,WIKI/WNR
WFD,WIKI/WFD
WLK,WIKI/WLK
WLB,WIKI/WLB
WHG,WIKI/WHG
WTSL,WIKI/WTSL
WEX,WIKI/WEX
WEYS,WIKI/WEYS
WGL,WIKI/WGL
WTM,WIKI/WTM
WHF,WIKI/WHF
WWAV,WIKI/WWAV
WLL,WIKI/WLL
WG,WIKI/WG
WLH,WIKI/WLH
WSM,WIKI/WSM
WIBC,WIKI/WIBC
WINA,WIKI/WINA
WGO,WIKI/WGO
WTFC,WIKI/WTFC
WETF,WIKI/WETF
WIX,WIKI/WIX
WWW,WIKI/WWW
WWD,WIKI/WWD
WDAY,WIKI/WDAY
WRLD,WIKI/WRLD
INT,WIKI/INT
WWE,WIKI/WWE
WOR,WIKI/WOR
WRB,WIKI/WRB
GRA,WIKI/GRA
WMGI,WIKI/WMGI
WSFS,WIKI/WSFS
XNCR,WIKI/XNCR
XNPT,WIKI/XNPT
XRM,WIKI/XRM
XOXO,WIKI/XOXO
XOMA,WIKI/XOMA
XOOM,WIKI/XOOM
XPO,WIKI/XPO
YDKN,WIKI/YDKN
YELP,WIKI/YELP
YORW,WIKI/YORW
YRCW,WIKI/YRCW
YUME,WIKI/YUME
ZAGG,WIKI/ZAGG
ZLC,WIKI/ZLC
ZAZA,WIKI/ZAZA
ZBRA,WIKI/ZBRA
ZLTQ,WIKI/ZLTQ
ZEP,WIKI/ZEP
Z,WIKI/Z
ZIOP,WIKI/ZIOP
ZIXI,WIKI/ZIXI
ZGNX,WIKI/ZGNX
AKR,WIKI/AKR
MITT,WIKI/MITT
ADC,WIKI/ADC
ALX,WIKI/ALX
ARE,WIKI/ARE
AAT,WIKI/AAT
ACC,WIKI/ACC
MTGE,WIKI/MTGE
AGNC,WIKI/AGNC
ARPI,WIKI/ARPI
AMRE,WIKI/AMRE
NLY,WIKI/NLY
ANH,WIKI/ANH
ARI,WIKI/ARI
AMTG,WIKI/AMTG
ACRE,WIKI/ACRE
AHH,WIKI/AHH
ARR,WIKI/ARR
AHT,WIKI/AHT
AEC,WIKI/AEC
AVIV,WIKI/AVIV
BDN,WIKI/BDN
CPT,WIKI/CPT
CCG,WIKI/CCG
CMO,WIKI/CMO
CBL,WIKI/CBL
CDR,WIKI/CDR
CSG,WIKI/CSG
CLDT,WIKI/CLDT
CHSP,WIKI/CHSP
CIM,WIKI/CIM
CLNY,WIKI/CLNY
CWH,WIKI/CWH
COR,WIKI/COR
OFC,WIKI/OFC
CXW,WIKI/CXW
CUZ,WIKI/CUZ
CRD_B,WIKI/CRD_B
CUBE,WIKI/CUBE
CONE,WIKI/CONE
CYS,WIKI/CYS
DCT,WIKI/DCT
DDR,WIKI/DDR
DELL,WIKI/DELL
DRH,WIKI/DRH
DLR,WIKI/DLR
DEI,WIKI/DEI
DRE,WIKI/DRE
DFT,WIKI/DFT
DX,WIKI/DX
EGP,WIKI/EGP
EDR,WIKI/EDR
EPR,WIKI/EPR
ELS,WIKI/ELS
EQY,WIKI/EQY
ESS,WIKI/ESS
EXL,WIKI/EXL
EXR,WIKI/EXR
FRT,WIKI/FRT
FCH,WIKI/FCH
FR,WIKI/FR
FLIC,WIKI/FLIC
NBCB,WIKI/NBCB
FNFG,WIKI/FNFG
FPO,WIKI/FPO
FRC,WIKI/FRC
FSGI,WIKI/FSGI
SVVC,WIKI/SVVC
FMER,WIKI/FMER
FIVE,WIKI/FIVE
FVE,WIKI/FVE
FBC,WIKI/FBC
FLT,WIKI/FLT
FLTX,WIKI/FLTX
FLXS,WIKI/FLXS
FTK,WIKI/FTK
FLO,WIKI/FLO
FLDM,WIKI/FLDM
FFIC,WIKI/FFIC
FNB,WIKI/FNB
FL,WIKI/FL
FCE_A,WIKI/FCE_A
FST,WIKI/FST
FOR,WIKI/FOR
FORM,WIKI/FORM
FORR,WIKI/FORR
FRF,WIKI/FRF
FTNT,WIKI/FTNT
FBHS,WIKI/FBHS
FET,WIKI/FET
FWRD,WIKI/FWRD
FSTR,WIKI/FSTR
FXCB,WIKI/FXCB
FRAN,WIKI/FRAN
FC,WIKI/FC
FELE,WIKI/FELE
FRNK,WIKI/FRNK
FSP,WIKI/FSP
FRED,WIKI/FRED
FSL,WIKI/FSL
RAIL,WIKI/RAIL
FDP,WIKI/FDP
TFM,WIKI/TFM
FRO,WIKI/FRO
FCN,WIKI/FCN
FSYS,WIKI/FSYS
FCEL,WIKI/FCEL
FULT,WIKI/FULT
FURX,WIKI/FURX
FRM,WIKI/FRM
FIO,WIKI/FIO
FF,WIKI/FF
FXEN,WIKI/FXEN
FXCM,WIKI/FXCM
GK,WIKI/GK
GCAP,WIKI/GCAP
GALE,WIKI/GALE
GBL,WIKI/GBL
GARS,WIKI/GARS
IT,WIKI/IT
GLOG,WIKI/GLOG
GST,WIKI/GST
GMT,WIKI/GMT
GY,WIKI/GY
GNRC,WIKI/GNRC
GEO,WIKI/GEO
GTY,WIKI/GTY
GIII,WIKI/GIII
GOOD,WIKI/GOOD
GRT,WIKI/GRT
GOV,WIKI/GOV
GPT,WIKI/GPT
HTS,WIKI/HTS
HR,WIKI/HR
HTA,WIKI/HTA
HT,WIKI/HT
HIW,WIKI/HIW
HME,WIKI/HME
HPT,WIKI/HPT
HUB_B,WIKI/HUB_B
HPP,WIKI/HPP
IRC,WIKI/IRC
IVR,WIKI/IVR
IRET,WIKI/IRET
LHO,WIKI/LHO
LAZ,WIKI/LAZ
LXP,WIKI/LXP
LTC,WIKI/LTC
CLI,WIKI/CLI
MPW,WIKI/MPW
MFA,WIKI/MFA
MNR,WIKI/MNR
MOG_A,WIKI/MOG_A
NHI,WIKI/NHI
NRZ,WIKI/NRZ
NYMT,WIKI/NYMT
OHI,WIKI/OHI
OLP,WIKI/OLP
PKY,WIKI/PKY
PEB,WIKI/PEB
PEI,WIKI/PEI
PMT,WIKI/PMT
PDM,WIKI/PDM
PPS,WIKI/PPS
PCH,WIKI/PCH
PSB,WIKI/PSB
RAS,WIKI/RAS
RPT,WIKI/RPT
RYN,WIKI/RYN
O,WIKI/O
RWT,WIKI/RWT
RSO,WIKI/RSO
ROIC,WIKI/ROIC
RLJ,WIKI/RLJ
RSE,WIKI/RSE
RHP,WIKI/RHP
SBRA,WIKI/SBRA
BFS,WIKI/BFS
SIR,WIKI/SIR
SNH,WIKI/SNH
SBY,WIKI/SBY
SLG,WIKI/SLG
SSS,WIKI/SSS
STAG,WIKI/STAG
STWD,WIKI/STWD
BEE,WIKI/BEE
INN,WIKI/INN
SUI,WIKI/SUI
SHO,WIKI/SHO
SKT,WIKI/SKT
TCO,WIKI/TCO
TRNO,WIKI/TRNO
TWO,WIKI/TWO
UDR,WIKI/UDR
UMH,WIKI/UMH
UHT,WIKI/UHT
UBA,WIKI/UBA
WRE,WIKI/WRE
WRI,WIKI/WRI
WMC,WIKI/WMC
WSR,WIKI/WSR
JW_A,WIKI/JW_A
FUR,WIKI/FUR
ZUMZ,WIKI/ZUMZ
ZIGO,WIKI/ZIGO
ZNGA,WIKI/ZNGA
GOOGL,WIKI/GOOGL
KRC,WIKI/KRC
KRG,WIKI/KRG
NAVI,WIKI/NAVI
BRK_A,WIKI/BRK_A
HIVE,WIKI/HIVE
AKAO,WIKI/AKAO
ADMS,WIKI/ADMS
TWOU,WIKI/TWOU
AKBA,WIKI/AKBA
ALDR,WIKI/ALDR
AMBR,WIKI/AMBR
HCT,WIKI/HCT
AGTC,WIKI/AGTC
ARCB,WIKI/ARCB
AHP,WIKI/AHP
BRDR,WIKI/BRDR
CARA,WIKI/CARA
CTRE,WIKI/CTRE
CSLT,WIKI/CSLT
CTT,WIKI/CTT
CVEO,WIKI/CVEO
CORR,WIKI/CORR
COUP,WIKI/COUP
LPG,WIKI/LPG
ESRT,WIKI/ESRT
ENVE,WIKI/ENVE
EVDY,WIKI/EVDY
FPRX,WIKI/FPRX
FIVN,WIKI/FIVN
FMI,WIKI/FMI
FLXN,WIKI/FLXN
FOXF,WIKI/FOXF
FTD,WIKI/FTD
GAIA,WIKI/GAIA
GALT,WIKI/GALT
GLRI,WIKI/GLRI
GRUB,WIKI/GRUB
HRTG,WIKI/HRTG
STAR,WIKI/STAR
KTWO,WIKI/KTWO
LQ,WIKI/LQ
LE,WIKI/LE
MC,WIKI/MC
NGHC,WIKI/NGHC
NYRT,WIKI/NYRT
OPWR,WIKI/OPWR
OPB,WIKI/OPB
ORM,WIKI/ORM
FRSH,WIKI/FRSH
PAYC,WIKI/PAYC
PE,WIKI/PE
PCTY,WIKI/PCTY
PAHC,WIKI/PAHC
DOC,WIKI/DOC
QTWO,WIKI/QTWO
QTS,WIKI/QTS
QRHC,WIKI/QRHC
REXR,WIKI/REXR
RUBI,WIKI/RUBI
SFBS,WIKI/SFBS
SPWH,WIKI/SPWH
SQBK,WIKI/SQBK
SWAY,WIKI/SWAY
TBPH,WIKI/TBPH
TIME,WIKI/TIME
TIPT,WIKI/TIPT
TSRE,WIKI/TSRE
TREC,WIKI/TREC
TRXC,WIKI/TRXC
TNET,WIKI/TNET
TRIV,WIKI/TRIV
TRUE,WIKI/TRUE
HEAR,WIKI/HEAR
VRNS,WIKI/VRNS
VSAR,WIKI/VSAR
VTL,WIKI/VTL
XCRA,WIKI/XCRA
ZEN,WIKI/ZEN
ZOES,WIKI/ZOES
ATEN,WIKI/ATEN
GOLD,WIKI/GOLD
VOD,WIKI/VOD
BIDU,WIKI/BIDU
APL,WIKI/APL
REG,WIKI/REG
BMR,WIKI/BMR
BRT,WIKI/BRT
RPAI,WIKI/RPAI
ANTM,WIKI/ANTM
WBA,WIKI/WBA
BP,WIKI/BP
ES,WIKI/ES
SUN,WIKI/SUN
QRVO,WIKI/QRVO
JPM,WIKI/JPM
UNM,WIKI/UNM
PGR,WIKI/PGR
TGNA,WIKI/TGNA
ZBH,WIKI/ZBH
BXLT,WIKI/BXLT
CPGX,WIKI/CPGX
PYPL,WIKI/PYPL
KHC,WIKI/KHC
WRK,WIKI/WRK
HPE,WIKI/HPE
SYF,WIKI/SYF
CSRA,WIKI/CSRA
WLTW,WIKI/WLTW
CFG,WIKI/CFG
GSBD,WIKI/GSBD
SPGI,WIKI/SPGI
FTV,WIKI/FTV
UA_C,WIKI/UA_C
ARNC,WIKI/ARNC
MAA,WIKI/MAA
UAA,WIKI/UAA
DXC,WIKI/DXC
INFO,WIKI/INFO
HLT,WIKI/HLT
